"View Credit Memo","Gutschrift anzeigen"
"Issue Credit Memo","Gutschrift erstellen"
"Approve","Genehmigen"
"Approve this withdrawal request?","Diesen Widerrufsantrag genehmigen?"
"Deny","Ablehnen"
"Legal reason for denial (min 10 chars):","Rechtsgrundlage für Ablehnung (mind. 10 Zeichen):"
"Cancel Request","Antrag stornieren"
"Cancel this withdrawal? Add an optional note for the customer (visible in their cancellation email):","Diesen Widerruf stornieren? Optional eine Notiz für den Kunden hinzufügen (sichtbar in der Stornierungs-E-Mail):"
"Resend Receipt","Beleg erneut senden"
"Send the receipt email again? The customer will receive another copy.","Beleg-E-Mail erneut senden? Der Kunde erhält eine weitere Kopie."
"Withdrawal Request #%1","Widerrufsantrag #%1"
"Request Details","Antragsdetails"
"Information","Information"
"Reason for Denial","Ablehnungsgrund"
"Customer Cancellation Note","Kundenstornierungsnotiz"
"Cancellation Note","Stornierungsnotiz"
"Status-Change Note","Statusänderungsnotiz"
"Code","Code"
"Label","Bezeichnung"
"Add Reason","Grund hinzufügen"
"In progress","In Bearbeitung"
"Refund issued","Erstattung ausgestellt"
"Denied","Abgelehnt"
"Cancelled","Storniert"
"Pending","Ausstehend"
"This is a transactional email about your order.","Dies ist eine Transaktions-E-Mail zu Ihrer Bestellung."
"Reason for denial","Ablehnungsgrund"
"Your cancellation note","Ihre Stornierungsnotiz"
"Note from our team","Hinweis unseres Teams"
"EU right of withdrawal","EU-Widerrufsrecht"
"Withdrawal right pending delivery","Widerrufsrecht bis zur Lieferung ausstehend"
"Withdrawal window has ended","Widerrufsfrist abgelaufen"
"Not eligible for withdrawal","Nicht widerrufsberechtigt"
"Withdrawal already requested","Widerrufsantrag bereits eingereicht"
"You can withdraw from this contract any time — the 14-day deadline begins counting once the order is delivered.","Sie können diesen Vertrag jederzeit widerrufen — die 14-tägige Frist beginnt erst mit der Lieferung der Bestellung."
"Your 14-day withdrawal window will begin once this order is delivered.","Ihre 14-tägige Widerrufsfrist beginnt mit der Lieferung dieser Bestellung."
"The 14-day window for withdrawing from this contract has ended.","Die 14-tägige Frist zum Widerruf dieses Vertrags ist abgelaufen."
"This order is not eligible for withdrawal under EU consumer law (Art. 16 Directive 2011/83/EU).","Diese Bestellung ist nach EU-Verbraucherrecht nicht widerrufsberechtigt (Art. 16 Richtlinie 2011/83/EU)."
"A withdrawal request for this order has been submitted. See the request details below.","Für diese Bestellung wurde ein Widerrufsantrag eingereicht. Siehe Antragsdetails unten."
"This order contains a perishable item that cannot be returned (food with short shelf life, fresh flowers, etc.).","Diese Bestellung enthält einen verderblichen Artikel, der nicht zurückgegeben werden kann (Lebensmittel mit kurzer Haltbarkeit, frische Blumen usw.)."
"This order contains a custom-made or personalised item that cannot be returned.","Diese Bestellung enthält einen maßgefertigten oder personalisierten Artikel, der nicht zurückgegeben werden kann."
"This order contains a sealed hygiene item. You keep the right of withdrawal only while the seal stays intact — once unsealed after delivery, the right is lost.","Diese Bestellung enthält einen versiegelten Hygieneartikel. Das Widerrufsrecht bleibt nur bei intaktem Siegel bestehen — nach Öffnung des Siegels nach Lieferung erlischt das Recht."
"This order contains a sealed audio / video / software item. You keep the right of withdrawal only while the seal stays intact — once unsealed after delivery, the right is lost.","Diese Bestellung enthält einen versiegelten Audio-/Video-/Software-Artikel. Das Widerrufsrecht bleibt nur bei intaktem Siegel bestehen — nach Öffnung des Siegels nach Lieferung erlischt das Recht."
"This order contains digital content. Once you start using or downloading the content, you lose the right of withdrawal (you consented to this at checkout).","Diese Bestellung enthält digitale Inhalte. Sobald Sie mit der Nutzung oder dem Herunterladen beginnen, erlischt das Widerrufsrecht (dem haben Sie an der Kasse zugestimmt)."
"%1 item(s) · Refund %2","%1 Artikel · Erstattung %2"
"Awaiting confirmation","Wartet auf Bestätigung"
"Cancel withdrawal %1? Your refund will not be processed.","Widerruf %1 stornieren? Ihre Erstattung wird nicht verarbeitet."
"Submitted","Eingereicht"
"Approved","Genehmigt"
"Fully returned","Vollständig zurückgegeben"
"Return requested","Rückgabe angefordert"
"Not eligible","Nicht berechtigt"
"Partially requested","Teilweise angefordert"
"— Select a reason —","— Grund auswählen —"
"Other","Sonstiges"
"The refund will be issued using your original payment method within 5-7 business days after we receive your return.","Die Erstattung erfolgt auf Ihre ursprüngliche Zahlungsmethode innerhalb von 5–7 Werktagen nach Eingang Ihrer Rücksendung."
"Withdrawal right lost (Art. 16(m) CRD) — digital performance started on %1.","Widerrufsrecht erloschen (Art. 16(m) VRRL) — Leistungserbringung digitaler Inhalte begann am %1."
"Request #%1 not found.","Antrag #%1 nicht gefunden."
"Receipt email re-queued for request #%1. Delivery will retry asynchronously.","Beleg-E-Mail für Antrag #%1 erneut in die Warteschlange gestellt. Zustellung erfolgt asynchron."
"Failed to queue receipt resend: %1","Fehler beim erneuten Senden des Belegs: %1"
"Note text is empty.","Notiztext ist leer."
"Note added to request #%1.","Notiz zu Antrag #%1 hinzugefügt."
"Request #%1 approved.","Antrag #%1 genehmigt."
"Request #%1 cancelled.","Antrag #%1 storniert."
"Request #%1 denied.","Antrag #%1 abgelehnt."
"Invalid request id.","Ungültige Antrags-ID."
"Unable to open temporary file for CSV export.","Temporäre Datei für den CSV-Export konnte nicht geöffnet werden."
"Withdrawal Requests","Widerrufsanträge"
"%1 requests queued for acceptance.","%1 Anträge zur Annahme in der Warteschlange."
"%1 request(s) approved.","%1 Antrag/Anträge genehmigt."
"%1 request(s) failed. First errors: %2","%1 Antrag/Anträge fehlgeschlagen. Erste Fehler: %2"
"Note added to %1 request(s).","Notiz zu %1 Antrag/Anträgen hinzugefügt."
"Underlying order #%1 not found.","Zugehörige Bestellung #%1 nicht gefunden."
"Order #%1 has no invoice yet — Magento requires an invoice before a credit memo can be created. Open an invoice first (Sales → Orders → #%1 → Invoice button), then return here to refund.","Für Bestellung #%1 liegt noch keine Rechnung vor — Magento benötigt eine Rechnung, bevor eine Gutschrift erstellt werden kann. Erstellen Sie zuerst eine Rechnung (Verkäufe → Bestellungen → #%1 → Schaltfläche „Rechnung“) und kehren Sie dann hierher zurück, um die Erstattung vorzunehmen."
"No items recorded on this withdrawal request — the credit memo will open with default invoice qtys; please adjust manually.","Für diesen Widerrufsantrag sind keine Artikel erfasst — die Gutschrift wird mit den Standardmengen der Rechnung geöffnet; bitte manuell anpassen."
"Pre-filled credit memo for withdrawal #%1 — review the qtys + shipping refund below, then click Refund Online or Refund Offline.","Vorausgefüllte Gutschrift für Widerruf #%1 — überprüfen Sie unten die Mengen und die Versanderstattung und klicken Sie dann auf „Online erstatten“ oder „Offline erstatten“."
"Some items are no longer eligible. Please reload and try again.","Einige Artikel sind nicht mehr widerrufbar. Bitte neu laden und erneut versuchen."
"We could not process your request. Please try again.","Wir konnten Ihren Antrag nicht verarbeiten. Bitte erneut versuchen."
"Item","Artikel"
"We could not find a matching order for that email.","Wir konnten keine passende Bestellung zu dieser E-Mail finden."
"Withdraw from a contract","Vertrag widerrufen"
"Withdrawal not found.","Widerruf nicht gefunden."
"This withdrawal can no longer be cancelled online. Contact us if you need help.","Dieser Widerruf kann online nicht mehr storniert werden. Kontaktieren Sie uns bei Fragen."
"Withdrawal #%1 cancelled.","Widerruf #%1 storniert."
"Please fill in all required fields.","Bitte füllen Sie alle Pflichtfelder aus."
"%1 item(s) were excluded from the withdrawal because the seal is broken (Art. 16(e)/(i) Directive 2011/83/EU).","%1 Artikel wurden vom Widerruf ausgeschlossen, da das Siegel gebrochen ist (Art. 16(e)/(i) Richtlinie 2011/83/EU)."
"Please select at least one item to withdraw.","Bitte mindestens einen Artikel zum Widerruf auswählen."
"One or more items are no longer available for withdrawal. Please refresh and try again.","Ein oder mehrere Artikel sind nicht mehr widerrufbar. Bitte aktualisieren und erneut versuchen."
"None of the selected items are eligible for withdrawal.","Keiner der ausgewählten Artikel ist widerrufbar."
"Hash mismatch for quote item %1","Hash stimmt nicht überein für Warenkorbposition %1"
"Requested qty %1 exceeds remaining %2 for order item %3","Angeforderte Menge %1 überschreitet die verbleibende %2 für Bestellposition %3"
"No delivery confirmation recorded for this order yet.","Für diese Bestellung wurde noch keine Lieferbestätigung erfasst."
"No eligible items selected for withdrawal","Keine widerrufbaren Artikel ausgewählt"
"Physical goods","Physische Waren"
"Digital content (non-tangible)","Digitale Inhalte (unkörperlich)"
"Digital service (SaaS / subscription)","Digitaler Dienst (SaaS / Abonnement)"
"Financial services (Enterprise tier)","Finanzdienstleistungen (Enterprise-Stufe)"
"Downloadable products","Downloadbare Produkte"
"Virtual products","Virtuelle Produkte"
"Bundles containing digital children","Bundles mit digitalen Bestandteilen"
"Custom attribute flag","Benutzerdefiniertes Attribut-Flag"
"locale_inheritance.xml missing at %1","locale_inheritance.xml fehlt unter %1"
"locale_inheritance.xml unreadable at %1","locale_inheritance.xml unter %1 nicht lesbar"
"locale_inheritance.xml failed XSD validation: %1","locale_inheritance.xml hat die XSD-Validierung nicht bestanden: %1"
"Original payment method","Ursprüngliche Zahlungsmethode"
"This is your durable-medium receipt for the withdrawal (Art. 11a(4) Directive 2011/83/EU).","Dies ist Ihr Beleg auf einem dauerhaften Datenträger für den Widerruf (Art. 11a(4) Richtlinie 2011/83/EU)."
"This email is a notification about your withdrawal request.","Diese E-Mail ist eine Benachrichtigung zu Ihrem Widerrufsantrag."
"5–7 business days","5–7 Werktage"
"This is a confirmation that your withdrawal request has been recorded.","Dies ist eine Bestätigung, dass Ihr Widerrufsantrag erfasst wurde."
"MageMe EU Withdrawal is installed but not enabled. Review the compliance checklist and configure the module before enabling: <a href=""%1"">Stores → Configuration → MageMe Extensions → EU Withdrawal</a>.","MageMe EU Withdrawal ist installiert, aber nicht aktiviert. Prüfen Sie die Compliance-Checkliste und konfigurieren Sie das Modul vor der Aktivierung: <a href=""%1"">Stores → Konfiguration → MageMe-Erweiterungen → EU-Widerruf</a>."
"Delivery confirmation status is not configured. Set Stores → Configuration → MageMe Extensions → EU Withdrawal → Withdrawal Period → Delivery Confirmation Statuses.","Der Status der Lieferbestätigung ist nicht konfiguriert. Konfigurieren Sie ihn unter Stores → Konfiguration → MageMe-Erweiterungen → EU-Widerruf → Widerrufsfrist → Status der Lieferbestätigung."
"No Annex I source found for locale %1 along chain %2","Keine Anhang-I-Quelle für Sprache %1 entlang der Kette %2 gefunden"
"Annex I source for locale %1 is malformed","Anhang-I-Quelle für Sprache %1 ist fehlerhaft"
"Missing merchant variables for Annex I rendering: %1","Fehlende Händler-Variablen für die Anhang-I-Darstellung: %1"
"Receipt hash mismatch for request %1","Beleg-Hash stimmt nicht überein für Antrag %1"
"Request %1 not found.","Antrag %1 nicht gefunden."
"Denying a withdrawal request requires a legal basis of at least 10 characters.","Die Ablehnung eines Widerrufsantrags erfordert eine Rechtsgrundlage von mindestens 10 Zeichen."
"Withdrawal request cannot transition from ""%1"" to ""%2"".","Widerrufsantrag kann nicht von ""%1"" auf ""%2"" übergehen."
"Request %1 is not in pending_confirm state.","Antrag %1 ist nicht im Zustand pending_confirm."
"Withdrawal request #%1 does not exist.","Widerrufsantrag #%1 existiert nicht."
"No digital items on order %1","Keine digitalen Artikel in Bestellung %1"
"This is your durable-medium copy of the waiver you signed at checkout (Art. 11a(4) Directive 2011/83/EU).","Dies ist Ihre Kopie auf einem dauerhaften Datenträger der Verzichtserklärung, die Sie an der Kasse unterzeichnet haben (Art. 11a(4) Richtlinie 2011/83/EU)."
"Waived","Verzichtet"
"Waiver email render failed: %1","Erstellung der Verzichts-E-Mail fehlgeschlagen: %1"
"Digital content waiver text has changed — please reload checkout.","Der Verzichtstext zu digitalen Inhalten hat sich geändert — bitte laden Sie den Checkout neu."
"Digital content waiver is incomplete for item %1.","Der Verzicht auf digitale Inhalte ist für Artikel %1 unvollständig."
"bad","bad"
"smtp down","smtp down"
"smtp","smtp"
"down","down"
"No shipment found for order 42.","Keine Sendung für Bestellung 42 gefunden."
"View","Ansicht"
"Withdrawal & Customer Information","Widerrufs- & Kundeninformationen"
"Request # %1","Antrag # %1"
"Request Status","Antragsstatus"
"Submitted At","Eingereicht am"
"Confirmed At","Bestätigt am"
"Related Order","Zugehörige Bestellung"
"Jurisdiction","Gerichtsbarkeit"
"Contract Type","Vertragsart"
"Receipt Status","Belegstatus"
"%1 attempt(s)","%1 Versuch(e)"
"Receipt Error","Belegfehler"
"Customer Information","Kundeninformationen"
"Customer Name","Kundenname"
"Email","E-Mail"
"Locale","Sprache"
"Items Selected for Withdrawal","Zum Widerruf ausgewählte Artikel"
"Product","Produkt"
"Price","Preis"
"Qty","Menge"
"Subtotal","Zwischensumme"
"Refund","Erstattung"
"Reason","Grund"
"Eligibility","Widerrufsberechtigung"
"No items associated with this request.","Keine Artikel diesem Antrag zugeordnet."
"SKU","SKU"
"Ordered","Bestellt"
"Withdrawing","Wird widerrufen"
"Refund Total","Erstattungssumme"
"Notes for this Request","Notizen zu diesem Antrag"
"Internal notes — visible to admin staff only. Not sent to the customer.","Interne Notizen — nur für Administratoren sichtbar. Nicht an den Kunden gesendet."
"Comment","Kommentar"
"Add internal note (max 2000 chars)","Interne Notiz hinzufügen (max. 2000 Zeichen)"
"Submit Comment","Kommentar absenden"
"No comments added yet.","Noch keine Kommentare hinzugefügt."
" by %1"," von %1"
"Refund Totals","Erstattungssummen"
"Items Subtotal","Artikel-Zwischensumme"
"Shipping Refund","Versanderstattung"
"Total Refund","Gesamterstattung"
"Changes have been made to this section that have not been saved.","An diesem Abschnitt wurden ungespeicherte Änderungen vorgenommen."
"This tab contains invalid data. Please resolve this before saving.","Dieser Tab enthält ungültige Daten. Bitte vor dem Speichern beheben."
"Contact us","Kontakt"
"Returns","Rückgaben"
"FAQs","FAQ"
"All rights reserved.","Alle Rechte vorbehalten."
"Returned items","Zurückgegebene Artikel"
"No image","Kein Bild"
"Item status","Artikelstatus"
"Withdrawal options for this order","Widerrufsoptionen für diese Bestellung"
"You can return this order until %1.","Sie können diese Bestellung bis %1 zurückgeben."
"(Art. 11a Directive 2011/83/EU)","(Art. 11a Richtlinie 2011/83/EU)"
"Submit a withdrawal request to start the refund process.","Senden Sie einen Widerrufsantrag, um den Erstattungsprozess zu starten."
"(Art. 9(2)(b) Directive 2011/83/EU)","(Art. 9(2)(b) Richtlinie 2011/83/EU)"
"Start withdrawal","Widerruf starten"
"Your withdrawal requests","Ihre Widerrufsanträge"
"Submitted %1","Eingereicht %1"
"Show items","Artikel anzeigen"
"Cancel withdrawal","Widerruf stornieren"
"Qty %1","Menge %1"
"Receipt details","Belegdetails"
"Receipt number","Belegnummer"
"Order number","Bestellnummer"
"Confirmed","Bestätigt"
"Consumer","Verbraucher"
"Refund total","Erstattungssumme"
"Merchant","Händler"
"Legal basis","Rechtsgrundlage"
"SKU %1","SKU %1"
"Shipping refund","Versanderstattung"
"Tax refund","Steuererstattung"
"Total refund","Gesamterstattung"
"Digital content — Art. 16(m) notice","Digitale Inhalte — Hinweis nach Art. 16(m)"
"By placing the order you agreed to begin performance of the digital content before the end of the withdrawal period and acknowledged that, once performance has begun, the right of withdrawal no longer applies. This notice is shown for your records.","Mit der Aufgabe der Bestellung haben Sie zugestimmt, dass die Ausführung der digitalen Inhalte vor Ablauf der Widerrufsfrist beginnt, und bestätigt, dass nach Beginn der Ausführung das Widerrufsrecht erlischt. Dieser Hinweis dient Ihrer Dokumentation."
"Existing withdrawals for this order","Bestehende Widerrufe für diese Bestellung"
"You can cancel a withdrawal here until it is approved.","Sie können einen Widerruf hier stornieren, bis er genehmigt wurde."
"Request #%1","Antrag #%1"
"SKU: %1","SKU: %1"
"Estimated refund: %1 %2","Geschätzte Erstattung: %1 %2"
"Cancel this withdrawal","Diesen Widerruf stornieren"
"Are you sure? This cannot be undone.","Sind Sie sicher? Dies kann nicht rückgängig gemacht werden."
"Yes, cancel","Ja, stornieren"
"Keep it","Beibehalten"
"That order does not belong to your account. Please select one of your own orders.","Diese Bestellung gehört nicht zu Ihrem Konto. Bitte wählen Sie eine Ihrer eigenen Bestellungen."
"Select items to return","Artikel zur Rückgabe auswählen"
"Choose all items or only some of them. Set the return quantity for each item you want to withdraw.","Wählen Sie alle oder nur einzelne Artikel aus. Legen Sie die Rückgabemenge für jeden Artikel fest, den Sie widerrufen möchten."
"You have 14 days from the day you received your order to withdraw from the contract without giving a reason.","Sie haben ab dem Erhalt Ihrer Bestellung 14 Tage Zeit, um den Vertrag ohne Angabe von Gründen zu widerrufen."
"Back to order search","Zurück zur Bestellsuche"
"Cancel","Abbrechen"
"Continue to review","Weiter zur Überprüfung"
"Review and confirm","Überprüfen und bestätigen"
"Order #%1","Bestellung #%1"
"Placed on %1","Bestellt am %1"
"Awaiting delivery","Wartet auf Lieferung"
"Delivered on %1","Geliefert am %1"
"Total","Gesamt"
"Return shipping","Rückversand"
"View return policy","Rückgaberichtlinie ansehen"
"Refund method","Erstattungsmethode"
"Refund will be issued to your original payment method.","Die Erstattung erfolgt auf Ihre ursprüngliche Zahlungsmethode."
"Return summary","Widerrufsübersicht"
"Shipping & Handling","Versand & Bearbeitung"
"Tax","Steuer"
"Back to items","Zurück zu den Artikeln"
"Submit return request","Rückgabeantrag absenden"
"Your return request has been submitted!","Ihr Rückgabeantrag wurde übermittelt!"
"We've emailed you a notification with your return details and a prepaid return label (if applicable). You have 14 days from the delivery date to send your items back.","Wir haben Ihnen eine Benachrichtigung mit Ihren Rückgabedetails und ggf. einem frankierten Rücksendeetikett per E-Mail gesendet. Sie haben 14 Tage ab Lieferdatum, um Ihre Artikel zurückzusenden."
"Return request number","Rückgabe-Antragsnummer"
"Copy request number","Antragsnummer kopieren"
"Copied!","Kopiert!"
"Confirmation email sent","Bestätigungs-E-Mail gesendet"
"We've sent the details to","Wir haben die Details gesendet an"
"What happens next?","Wie geht es weiter?"
"Pack your items securely","Verpacken Sie Ihre Artikel sicher"
"Send them back using the provided instructions","Senden Sie sie gemäß den bereitgestellten Anweisungen zurück"
"We'll inspect your return","Wir prüfen Ihre Rücksendung"
"Your refund will be issued to your original payment method","Ihre Erstattung erfolgt auf Ihre ursprüngliche Zahlungsmethode"
"Need more help?","Weitere Hilfe benötigt?"
"View my returns","Meine Widerrufe ansehen"
"Contact support","Support kontaktieren"
"Purchased","Gekauft"
"Returned","Zurückgegeben"
"Decrease quantity","Menge verringern"
"Increase quantity","Menge erhöhen"
"Has the hygiene seal been broken after delivery?","Wurde das Hygiene-Siegel nach der Lieferung gebrochen?"
"Has the original software / media seal been broken after delivery?","Wurde das Original-Software-/Medien-Siegel nach der Lieferung gebrochen?"
"No, the seal is intact","Nein, das Siegel ist intakt"
"Refund possible — return the unopened package.","Erstattung möglich — senden Sie das ungeöffnete Paket zurück."
"Yes, the seal is broken","Ja, das Siegel ist gebrochen"
"This item cannot be returned (Art. 16(e) Directive 2011/83/EU).","Dieser Artikel kann nicht zurückgegeben werden (Art. 16(e) Richtlinie 2011/83/EU)."
"This item cannot be returned (Art. 16(i) Directive 2011/83/EU).","Dieser Artikel kann nicht zurückgegeben werden (Art. 16(i) Richtlinie 2011/83/EU)."
"Once you confirm the seal is broken, this item is excluded from the withdrawal request and the quantity will be reset to zero.","Sobald Sie bestätigen, dass das Siegel gebrochen ist, wird dieser Artikel vom Widerrufsantrag ausgeschlossen und die Menge auf null zurückgesetzt."
"Reason for return (optional)","Rückgabegrund (optional)"
"Tell us more (optional, max 500 chars)","Mehr erzählen (optional, max. 500 Zeichen)"
"Already returned.","Bereits zurückgegeben."
"awaiting admin review","wartet auf Admin-Prüfung"
"awaiting confirmation","wartet auf Bestätigung"
"Request %1 %2 (%3 item%4).","Antrag %1 %2 (%3 Artikel%4)."
"Return request awaiting review.","Rückgabeantrag wartet auf Prüfung."
"Cancel request","Antrag stornieren"
"Under EU consumer law, you may withdraw from most contracts within 14 days without giving a reason.","Nach EU-Verbraucherrecht können Sie von den meisten Verträgen innerhalb von 14 Tagen ohne Angabe von Gründen widerrufen."
"Read your full pre-contract rights (Art. 6)","Vollständige vorvertragliche Rechte lesen (Art. 6)"
"Under Art. 6 of Directive 2011/83/EU (as amended by Directive (EU) 2023/2673), before you placed this order the seller informed you — or made available — the following information:","Gemäß Art. 6 Richtlinie 2011/83/EU (in der Fassung der Richtlinie (EU) 2023/2673) hat Sie der Verkäufer vor Aufgabe dieser Bestellung über die folgenden Informationen unterrichtet — oder Ihnen zur Verfügung gestellt:"
"The main characteristics of the goods or services.","Die wesentlichen Merkmale der Waren oder Dienstleistungen."
"The identity and contact details of the trader.","Identität und Kontaktdaten des Unternehmers."
"The total price including all taxes and any delivery costs.","Der Gesamtpreis einschließlich aller Steuern und etwaiger Lieferkosten."
"The arrangements for payment, delivery and performance, and complaint-handling.","Die Bedingungen für Zahlung, Lieferung und Leistung sowie Beschwerdebehandlung."
"Your right of withdrawal: under Art. 9 you have 14 days to withdraw from this distance contract without giving a reason. For physical goods, the 14-day period starts on the day you (or a third party nominated by you) take physical possession of the goods. For services and digital content, different starting dates apply (Art. 9(2)(a)/(c)).","Ihr Widerrufsrecht: Nach Art. 9 haben Sie 14 Tage Zeit, diesen Fernabsatzvertrag ohne Angabe von Gründen zu widerrufen. Bei physischen Waren beginnt die 14-tägige Frist an dem Tag, an dem Sie (oder ein von Ihnen benannter Dritter) die Waren in Besitz nehmen. Für Dienstleistungen und digitale Inhalte gelten abweichende Beginn-Zeitpunkte (Art. 9(2)(a)/(c))."
"Exceptions: the right does not apply to certain goods and services listed in Art. 16 (e.g., custom-made goods, sealed hygiene items once unsealed, digital content whose performance has begun with your prior express consent and acknowledgement that you lose the withdrawal right).","Ausnahmen: Das Recht gilt nicht für bestimmte in Art. 16 aufgeführte Waren und Dienstleistungen (z. B. maßgefertigte Waren, versiegelte Hygieneartikel nach Öffnung des Siegels, digitale Inhalte, deren Ausführung mit Ihrer vorherigen ausdrücklichen Zustimmung und in Kenntnis des Verlusts des Widerrufsrechts begonnen hat)."
"The legal guarantee of conformity for goods applies under Art. 5 of Directive 2019/771, in addition to the right of withdrawal.","Zusätzlich zum Widerrufsrecht gilt die gesetzliche Mängelgewährleistung für Waren gemäß Art. 5 Richtlinie 2019/771."
"Delivery: %1","Lieferung: %1"
"Total paid","Gezahlter Betrag"
"Pick an order to withdraw from","Wählen Sie eine zu widerrufende Bestellung"
"Select a recent order to start your withdrawal.","Wählen Sie eine kürzliche Bestellung, um Ihren Widerruf zu starten."
"Select","Auswählen"
"Withdrawal progress","Widerrufsfortschritt"
"title","Titel"
"subtitle","Untertitel"
"Items to return","Zurückzugebende Artikel"
"0 items","0 Artikel"
"Refund summary","Erstattungsübersicht"
"No items in this order are currently eligible for withdrawal.","Keine Artikel in dieser Bestellung sind derzeit widerrufbar."
"Each line is either already being processed, pending confirmation, or has been fully withdrawn. Check the existing requests section above for status or to cancel.","Jede Zeile wird entweder bereits bearbeitet, wartet auf Bestätigung oder wurde vollständig widerrufen. Status- und Stornierungsmöglichkeiten finden Sie im Abschnitt „Bestehende Anträge“ oben."
"No items selected yet. Use the + button next to an item to add it to your return.","Noch keine Artikel ausgewählt. Verwenden Sie die Schaltfläche + neben einem Artikel, um ihn zur Rückgabe hinzuzufügen."
"Find your order","Bestellung finden"
"Enter the details you used during checkout to start a return or withdrawal.","Geben Sie die Daten ein, die Sie beim Bezahlen verwendet haben, um eine Rückgabe oder einen Widerruf zu starten."
"We could not find an order matching that email. Double-check your order number and email address.","Wir konnten keine Bestellung zu dieser E-Mail finden. Bitte prüfen Sie Bestellnummer und E-Mail-Adresse."
"e.g. 12345","z. B. 12345"
"You can find this in your order confirmation email.","Sie finden dies in Ihrer Bestellbestätigungs-E-Mail."
"Email address","E-Mail-Adresse"
"you@example.com","you@example.com"
"Must match the email used for the order.","Muss mit der für die Bestellung verwendeten E-Mail übereinstimmen."
"Find my order","Meine Bestellung finden"
"You have the right to withdraw from your purchase within 14 days of receiving your order, without giving any reason.","Sie haben das Recht, innerhalb von 14 Tagen nach Erhalt Ihrer Bestellung ohne Angabe von Gründen vom Kauf zurückzutreten."
"Need help finding your order?","Benötigen Sie Hilfe beim Finden Ihrer Bestellung?"
"Select an order","Bestellung auswählen"
"Choose an order from your history to start a return or withdrawal.","Wählen Sie eine Bestellung aus Ihrer Historie, um eine Rückgabe oder einen Widerruf zu starten."
"You don't have any orders eligible for withdrawal. The 14-day withdrawal window runs from the day you received your order.","Sie haben keine widerrufsberechtigten Bestellungen. Die 14-tägige Widerrufsfrist läuft ab Erhalt Ihrer Bestellung."
"View all my orders","Alle Bestellungen ansehen"
"items","Artikel"
"Select order","Bestellung auswählen"
"No recent withdrawal","Kein kürzlicher Widerruf"
"We could not find a recent withdrawal in this session. If you have just submitted one, please check your inbox for the confirmation email.","Wir konnten keinen kürzlichen Widerruf in dieser Sitzung finden. Wenn Sie gerade einen eingereicht haben, prüfen Sie bitte Ihren Posteingang auf die Bestätigungs-E-Mail."
"Start a new withdrawal","Neuen Widerruf starten"
"Withdrawal #%1 submitted","Widerruf #%1 eingereicht"
"Related order:","Zugehörige Bestellung:"
"Items","Artikel"
"Items included in this withdrawal","In diesem Widerruf enthaltene Artikel"
"Line Total","Zeilensumme"
"What happens next","Wie geht es weiter"
"You will receive a receipt email with the full withdrawal statement and integrity hash within a few minutes.","Sie erhalten innerhalb weniger Minuten eine Beleg-E-Mail mit der vollständigen Widerrufserklärung und dem Integritäts-Hash."
"The 14-day window under Art. 9 CRD is locked to the moment you confirmed the withdrawal — nothing further is required from you to preserve the right.","Die 14-tägige Frist gemäß Art. 9 CRD ist auf den Zeitpunkt Ihrer Widerrufsbestätigung festgelegt — weitere Schritte zur Wahrung des Rechts sind nicht erforderlich."
"The final refund is determined after we receive the returned items (Art. 14(2)) and is issued to the original payment method. Expect the funds within 14 days of receipt.","Die endgültige Erstattung wird nach Eingang der zurückgesandten Artikel (Art. 14(2)) festgelegt und auf die ursprüngliche Zahlungsmethode erstattet. Erwarten Sie den Betrag innerhalb von 14 Tagen nach Eingang."
"Back to Withdrawals","Zurück zu Widerrufen"
"Verzichtsbestätigung digitaler Inhalte — Bestellung %increment_id","Verzichtsbestätigung digitaler Inhalte — Bestellung %increment_id"
"Sehr geehrte/r %name,","Sehr geehrte/r %name,"
"Dies ist die Bestätigung auf einem dauerhaften Datenträger Ihrer ausdrücklichen Einwilligung zum Beginn der Ausführung folgender digitaler Inhalte sowie Ihrer Bestätigung, dass Sie dadurch Ihr Widerrufsrecht verlieren (Art. 16(m) VRL).","Dies ist die Bestätigung auf einem dauerhaften Datenträger Ihrer ausdrücklichen Einwilligung zum Beginn der Ausführung folgender digitaler Inhalte sowie Ihrer Bestätigung, dass Sie dadurch Ihr Widerrufsrecht verlieren (Art. 16(m) VRL)."
"Durch den Verzicht abgedeckte digitale Inhalte","Durch den Verzicht abgedeckte digitale Inhalte"
"Ihre ausdrückliche Einwilligung","Ihre ausdrückliche Einwilligung"
"Eingewilligt am:","Eingewilligt am:"
"Ihre Bestätigung zum Verlust des Widerrufsrechts","Ihre Bestätigung zum Verlust des Widerrufsrechts"
"Bestätigt am:","Bestätigt am:"
"Verzichtsreferenz:","Verzichtsreferenz:"
"Rechtsgrundlage: Art. 16(m) Verbraucherrechterichtlinie 2011/83/EU.","Rechtsgrundlage: Art. 16(m) Verbraucherrechterichtlinie 2011/83/EU."
"Digital content waiver confirmation — Order %1","Bestätigung der Verzichtserklärung zu digitalen Inhalten — Bestellung %1"
"Dear %name,","Sehr geehrte/r %name,"
"This is the durable-medium confirmation of your express consent to begin performance of the following digital items, and your acknowledgment that by doing so you lose your right of withdrawal (Art. 16(m) CRD).","Dies ist die Bestätigung auf einem dauerhaften Datenträger Ihrer ausdrücklichen Einwilligung zum Beginn der Ausführung folgender digitaler Inhalte sowie Ihrer Bestätigung, dass Sie dadurch Ihr Widerrufsrecht verlieren (Art. 16(m) VRRL)."
"Digital items covered by this waiver","Vom Verzicht erfasste digitale Inhalte"
"Your express consent","Ihre ausdrückliche Zustimmung"
"Consented at:","Eingewilligt am:"
"Your acknowledgment of loss of withdrawal right","Ihre Bestätigung des Verlusts des Widerrufsrechts"
"Acknowledged at:","Bestätigt am:"
"Waiver reference:","Verzichtsreferenz:"
"Legal basis: Art. 16(m) Consumer Rights Directive 2011/83/EU.","Rechtsgrundlage: Art. 16(m) Verbraucherrechterichtlinie 2011/83/EU."
"Digitaalisen sisällön luopumisvahvistus — Tilaus %increment_id","Verzichtsbestätigung digitaler Inhalte — Bestellung %increment_id"
"Hyvä %name,","Sehr geehrte/r %name,"
"Tämä on pysyvällä tietovälineellä annettu vahvistus nimenomaisesta suostumuksestasi aloittaa seuraavien digitaalisten sisältöjen toimitus sekä vahvistuksestasi, että menetät peruuttamisoikeutesi (KSL 6:16).","Dies ist die Bestätigung auf einem dauerhaften Datenträger Ihrer ausdrücklichen Einwilligung zum Beginn der Ausführung folgender digitaler Inhalte sowie Ihrer Bestätigung, dass Sie dadurch Ihr Widerrufsrecht verlieren (Art. 16(m) VRRL)."
"Luopumisen kattamat digitaaliset sisällöt","Durch den Verzicht abgedeckte digitale Inhalte"
"Nimenomainen suostumuksesi","Ihre ausdrückliche Einwilligung"
"Suostuttu:","Eingewilligt am:"
"Vahvistuksesi peruuttamisoikeuden menettämisestä","Ihre Bestätigung zum Verlust des Widerrufsrechts"
"Vahvistettu:","Bestätigt am:"
"Luopumisen viite:","Verzichtsreferenz:"
"Oikeusperusta: KSL 6:16 / Art. 16(m) kuluttajanoikeusdirektiivi 2011/83/EU.","Rechtsgrundlage: Art. 16(m) Verbraucherrechterichtlinie 2011/83/EU."
"Confirmation de renonciation au contenu numérique — Commande %increment_id","Verzichtsbestätigung digitaler Inhalte — Bestellung %increment_id"
"Cher/Chère %name,","Sehr geehrte/r %name,"
"Ceci est la confirmation sur un support durable de votre consentement exprès à commencer l'exécution des contenus numériques suivants, et de votre reconnaissance que vous perdez ainsi votre droit de rétractation (Art. L. 221-28 Code consommation).","Dies ist die Bestätigung auf einem dauerhaften Datenträger Ihrer ausdrücklichen Einwilligung zum Beginn der Ausführung folgender digitaler Inhalte sowie Ihrer Bestätigung, dass Sie dadurch Ihr Widerrufsrecht verlieren (Art. 16(m) VRRL)."
"Contenus numériques couverts par la présente renonciation","Durch den Verzicht abgedeckte digitale Inhalte"
"Votre consentement exprès","Ihre ausdrückliche Einwilligung"
"Consenti le :","Eingewilligt am:"
"Votre reconnaissance de la perte du droit de rétractation","Ihre Bestätigung zum Verlust des Widerrufsrechts"
"Reconnu le :","Bestätigt am:"
"Référence de renonciation :","Verzichtsreferenz:"
"Base légale : Art. L. 221-28 Code consommation / Art. 16(m) Directive 2011/83/UE.","Rechtsgrundlage: Art. 16(m) Verbraucherrechterichtlinie 2011/83/EU."
"Bevestiging afstand digitale inhoud — Bestelling %increment_id","Verzichtsbestätigung digitaler Inhalte — Bestellung %increment_id"
"Beste %name,","Sehr geehrte/r %name,"
"Dit is de bevestiging op een duurzame gegevensdrager van uw uitdrukkelijke toestemming om te beginnen met de levering van de volgende digitale inhoud, en uw erkenning dat u daardoor uw herroepingsrecht verliest (Art. 6:230s BW).","Dies ist die Bestätigung auf einem dauerhaften Datenträger Ihrer ausdrücklichen Einwilligung zum Beginn der Ausführung folgender digitaler Inhalte sowie Ihrer Bestätigung, dass Sie dadurch Ihr Widerrufsrecht verlieren (Art. 16(m) VRRL)."
"Onder deze afstand vallende digitale items","Durch den Verzicht abgedeckte digitale Inhalte"
"Uw uitdrukkelijke toestemming","Ihre ausdrückliche Einwilligung"
"Toestemming verleend op:","Eingewilligt am:"
"Uw erkenning van verlies van herroepingsrecht","Ihre Bestätigung zum Verlust des Widerrufsrechts"
"Erkend op:","Bestätigt am:"
"Afstandreferentie:","Verzichtsreferenz:"
"Rechtsgrondslag: Art. 6:230s BW / Art. 16(m) Richtlijn 2011/83/EU.","Rechtsgrundlage: Art. 16(m) Verbraucherrechterichtlinie 2011/83/EU."
"[EU Withdrawal] Receipt send failed — request #%request_id","[EU-Widerruf] Belegversand fehlgeschlagen — Antrag #%request_id"
"The receipt email for withdrawal request #%request_id has failed to send permanently.","Die Beleg-E-Mail für Widerrufsantrag #%request_id konnte dauerhaft nicht zugestellt werden."
"Inspect the <code>mm_eu_withdrawal_request.receipt_last_error</code> column for the last error message, and the <code>mm_eu_withdrawal_request.receipt_send_attempts</code> column for the retry count.","Prüfen Sie die Spalte <code>mm_eu_withdrawal_request.receipt_last_error</code> auf die letzte Fehlermeldung und die Spalte <code>mm_eu_withdrawal_request.receipt_send_attempts</code> auf die Anzahl der Wiederholungsversuche."
"You can requeue the send from the admin grid after resolving the underlying issue.","Nach Behebung der zugrunde liegenden Ursache können Sie den Versand aus dem Admin-Grid erneut in die Warteschlange stellen."
"Your refund is on its way — Withdrawal #%1","Ihre Erstattung ist unterwegs — Widerruf #%1"
"Your refund is on its way","Ihre Erstattung ist unterwegs"
"Hi %name, we've approved your withdrawal request and started the refund process.","Hallo %name, wir haben Ihren Widerrufsantrag genehmigt und den Erstattungsprozess gestartet."
"View refund details","Erstattungsdetails ansehen"
"Withdrawal number","Widerrufsnummer"
"Approved on","Genehmigt am"
"Estimated arrival","Voraussichtlicher Eingang"
"Status","Status"
"Your refund will be issued to your original payment method within 5–7 business days. You'll see it on your card or bank statement once it lands.","Ihre Erstattung erfolgt auf Ihre ursprüngliche Zahlungsmethode innerhalb von 5–7 Werktagen. Sie sehen sie auf Ihrer Karten- oder Kontoabrechnung, sobald sie eingegangen ist."
"Need help?","Brauchen Sie Hilfe?"
"Reply to this email or contact us at","Antworten Sie auf diese E-Mail oder schreiben Sie an"
"Your withdrawal was cancelled — Withdrawal #%1","Ihr Widerruf wurde storniert — Widerruf #%1"
"Your withdrawal was cancelled","Ihr Widerruf wurde storniert"
"Hi %name, we've cancelled your withdrawal request.","Hallo %name, wir haben Ihren Widerrufsantrag storniert."
"Submit a new request","Neuen Antrag stellen"
"Cancelled request","Stornierter Antrag"
"Cancelled on","Storniert am"
"Refund requested","Erstattung angefordert"
"If this was unexpected, you can submit a new withdrawal request as long as your 14-day window is still open. Reach out if you need help — we're happy to clarify.","War dies unerwartet, können Sie einen neuen Widerrufsantrag stellen, solange Ihre 14-Tage-Frist noch läuft. Melden Sie sich bei Fragen — wir helfen gerne weiter."
"Cancellation confirmed — Withdrawal #%1","Stornierung bestätigt — Widerruf #%1"
"Cancellation confirmed","Stornierung bestätigt"
"Hi %name, your withdrawal request has been cancelled as you asked.","Hallo %name, Ihr Widerrufsantrag wurde wie gewünscht storniert."
"Back to my orders","Zurück zu meinen Bestellungen"
"Cancelled by","Storniert von"
"You","Sie"
"Your order remains active and there's no further action needed. If you change your mind, you can start a new withdrawal request any time within your 14-day window.","Ihre Bestellung bleibt aktiv, weitere Schritte sind nicht erforderlich. Falls Sie es sich anders überlegen, können Sie jederzeit innerhalb Ihrer 14-Tage-Frist einen neuen Widerrufsantrag stellen."
"Update on your withdrawal request — Withdrawal #%1","Update zu Ihrem Widerrufsantrag — Widerruf #%1"
"We can't process this withdrawal","Wir können diesen Widerruf nicht bearbeiten"
"Hi %name, after reviewing your withdrawal request we're unable to approve it.","Hallo %name, nach Prüfung Ihres Widerrufsantrags können wir diesen nicht genehmigen."
"Request details","Antragsdetails"
"Reviewed on","Geprüft am"
"Decision","Entscheidung"
"Reason from our team","Grund unseres Teams"
"If you'd like to discuss this decision, our team is here to help. Reply to this email or use the button above.","Wenn Sie diese Entscheidung besprechen möchten, hilft unser Team gerne. Antworten Sie auf diese E-Mail oder verwenden Sie die obige Schaltfläche."
"Your withdrawal request has been submitted — Order #%1","Ihr Widerrufsantrag wurde übermittelt — Bestellung #%1"
"Your return request has been submitted","Ihr Widerrufsantrag wurde übermittelt"
"Hi %name, we've received your return request and are currently reviewing it. You'll hear back when we've inspected your return and processed your refund.","Hallo %name, wir haben Ihren Widerrufsantrag erhalten und prüfen ihn derzeit. Sie hören von uns, sobald Ihre Rücksendung geprüft und Ihre Rückerstattung bearbeitet wurde."
"Return number","Widerrufsnummer"
"Requested on","Beantragt am"
"We'll inspect your return and notify you once approved. Refunds are issued to your original payment method within 5–7 business days after approval.","Wir prüfen Ihre Rücksendung und benachrichtigen Sie nach der Genehmigung. Rückerstattungen erfolgen innerhalb von 5–7 Werktagen auf Ihre ursprüngliche Zahlungsmethode."
"If you have any questions, our customer service team is here to help.","Bei Fragen ist unser Kundenservice für Sie da."
"Visit our help center","Hilfe-Center besuchen"
"If you did not initiate this request, contact us immediately at","Falls Sie diesen Antrag nicht initiiert haben, kontaktieren Sie uns sofort unter"
"Withdrawal receipt — Order #%1","Widerrufsbescheinigung — Bestellung #%1"
"Withdrawal receipt","Widerrufsbescheinigung"
"Hi %name, this email is your durable-medium proof of withdrawal under Art. 11a Directive 2011/83/EU. Keep it for your records.","Hallo %name, diese E-Mail ist Ihr Widerrufsnachweis auf einem dauerhaften Datenträger gemäß Art. 11a Richtlinie 2011/83/EU. Bewahren Sie sie für Ihre Unterlagen auf."
"Submitted on","Eingereicht am"
"Your %store_name order confirmation","Ihre Bestellbestätigung von %store_name"
"%customer_name,","%customer_name,"
"Thank you for your order from %store_name.","Vielen Dank für Ihre Bestellung bei %store_name."
"Once your package ships we will send you a tracking number.","Sobald Ihr Paket versendet wird, senden wir Ihnen eine Sendungsverfolgungsnummer."
"You can check the status of your order by <a href=""%account_url"">logging into your account</a>.","Sie können den Status Ihrer Bestellung einsehen, indem Sie sich <a href=""%account_url"">in Ihrem Konto anmelden</a>."
"If you have questions about your order, you can email us at <a href=""mailto:%store_email"">%store_email</a>","Bei Fragen zu Ihrer Bestellung erreichen Sie uns per E-Mail unter <a href=""mailto:%store_email"">%store_email</a>"
"or call us at <a href=""tel:%store_phone"">%store_phone</a>","oder telefonisch unter <a href=""tel:%store_phone"">%store_phone</a>"
"Our hours are <span class=""no-link"">%store_hours</span>.","Unsere Geschäftszeiten sind <span class=""no-link"">%store_hours</span>."
"Your Order <span class=""no-link"">#%increment_id</span>","Ihre Bestellung <span class=""no-link"">#%increment_id</span>"
"Placed on <span class=""no-link"">%created_at</span>","Bestellt am <span class=""no-link"">%created_at</span>"
"Billing Info","Rechnungsinformationen"
"Shipping Info","Versandinformationen"
"Payment Method","Zahlungsmethode"
"Shipping Method","Versandmethode"
"%name,","%name,"
"Once your package ships we will send an email with a link to track your order.","Sobald Ihr Paket versendet wird, senden wir Ihnen eine E-Mail mit einem Link zur Sendungsverfolgung."
"Your %store_name order has shipped","Ihre Bestellung von %store_name wurde versendet"
"Your shipping confirmation is below. Thank you again for your business.","Ihre Versandbestätigung finden Sie unten. Vielen Dank nochmals für Ihren Einkauf."
"Your Shipment #%shipment_id for Order #%order_id","Ihre Sendung #%shipment_id zu Bestellung #%order_id"
"Your digital content waiver is on file","Ihre Verzichtserklärung zu digitalen Inhalten ist hinterlegt"
"Hi %name, you've consented to immediate digital delivery of the items below — this is your durable-medium copy of that consent (Art. 11a(4) CRD).","Hallo %name, Sie haben der sofortigen digitalen Lieferung der unten aufgeführten Artikel zugestimmt — dies ist Ihre Kopie auf einem dauerhaften Datenträger dieser Zustimmung (Art. 11a(4) CRD)."
"View order","Bestellung ansehen"
"Consented at","Zugestimmt am"
"Acknowledged at","Bestätigt am"
"Keep this email as your durable-medium record. The merchant has stored the SHA-256 hash of the legal text you accepted:","Bewahren Sie diese E-Mail als Aufzeichnung auf einem dauerhaften Datenträger auf. Der Händler hat den SHA-256-Hash des von Ihnen akzeptierten Rechtstextes gespeichert:"
"Digital content waiver","Verzicht auf das Widerrufsrecht für digitale Inhalte"
"We need your explicit consent before you can buy this digital item — please read both points carefully.","Wir benötigen Ihre ausdrückliche Zustimmung, bevor Sie diesen digitalen Artikel kaufen können — bitte lesen Sie beide Punkte sorgfältig."
"We log this consent with your IP and timestamp for our audit record.","Wir protokollieren diese Zustimmung mit Ihrer IP-Adresse und einem Zeitstempel für unsere Audit-Aufzeichnung."
"Continue","Weiter"
"Waiver could not be saved. Please retry.","Verzichtserklärung konnte nicht gespeichert werden. Bitte erneut versuchen."
"Enable for EU Withdrawal Lookup Form","Für das EU-Widerrufs-Suchformular aktivieren"
"MageMe Extensions","MageMe-Erweiterungen"
"EU Withdrawal","EU-Widerruf"
"General","Allgemein"
"Enable Module","Modul aktivieren"
"Activates frontend and cron jobs. Default: disabled. Complete the manual setup checklist before enabling.","Aktiviert Frontend und Cron-Jobs. Standard: deaktiviert. Schließen Sie die manuelle Einrichtungs-Checkliste ab, bevor Sie aktivieren."
"Request Number Prefix","Präfix der Antragsnummer"
"Optional prefix prepended to the withdrawal request increment ID in customer-facing UI (e.g. ""RR-"" renders as ""RR-000000022""). Leave blank to show the plain padded number.","Optionales Präfix, das der Widerrufsantragsnummer in der Kunden-Oberfläche vorangestellt wird (z. B. ergibt „RR-“ die Anzeige „RR-000000022“). Leer lassen, um die reine, mit Nullen aufgefüllte Nummer anzuzeigen."
"Default Contract Type","Standard-Vertragstyp"
"Frontend Route","Frontend-Route"
"URL prefix used by the customer-facing withdrawal flow (e.g. <code>withdraw-contract</code> renders as <code>/withdraw-contract/...</code>). Lowercase letters, digits, dashes and underscores only.","URL-Präfix für den Widerrufsablauf für Kunden (z. B. ergibt <code>withdraw-contract</code> die Anzeige <code>/withdraw-contract/...</code>). Nur Kleinbuchstaben, Ziffern, Bindestriche und Unterstriche."
"Withdrawal Period","Widerrufsfrist"
"Delivery Confirmation Statuses","Status der Lieferbestätigung"
"Pick one or more order statuses whose <em>transition</em> means the customer received the goods in your fulfillment workflow. The 14-day withdrawal window starts on the timestamp of the order's <em>earliest</em> transition into <em>any</em> of the selected statuses (Art. 9(2)(b) Directive 2011/83/EU). Multi-select supports merchants who use several ""delivered""-type statuses (e.g. <code>delivered</code> + <code>complete</code> + <code>delivered_partial</code>). Until the order reaches any of them, the right of withdrawal is open with no fixed deadline.","Wählen Sie einen oder mehrere Bestellstatus, deren <em>Übergang</em> in Ihrem Fulfillment-Prozess den Erhalt der Ware durch den Kunden bedeutet. Die 14-tägige Widerrufsfrist beginnt mit dem Zeitstempel des <em>frühesten</em> Übergangs der Bestellung in <em>einen</em> der ausgewählten Status (Art. 9(2)(b) Richtlinie 2011/83/EU). Die Mehrfachauswahl unterstützt Händler mit mehreren „geliefert“-Status (z. B. <code>delivered</code> + <code>complete</code> + <code>delivered_partial</code>). Solange die Bestellung keinen dieser Status erreicht, besteht das Widerrufsrecht offen ohne feste Frist."
"Eligibility Rules (Art. 16 CRD Presets)","Berechtigungsregeln (Art. 16 VRRL-Voreinstellungen)"
"Art. 16(c) Custom-Made Goods","Art. 16(c) Maßangefertigte Waren"
"Excludes products made to customer specifications or clearly personalised (e.g. engraved jewellery, made-to-measure clothing). <strong>Requires</strong> product attribute <code>is_custom_made = true</code>. If enabled, orders containing such items cannot be withdrawn — customers will see this when attempting to start withdrawal.","Schließt Produkte aus, die nach Kundenspezifikation gefertigt oder eindeutig personalisiert sind (z. B. gravierte Schmuckstücke, Maßkonfektion). <strong>Erfordert</strong> das Produktattribut <code>is_custom_made = true</code>. Bei Aktivierung können Bestellungen mit solchen Artikeln nicht widerrufen werden — Kunden sehen dies beim Versuch, einen Widerruf zu starten."
"Art. 16(d) Perishable Goods","Art. 16(d) Verderbliche Waren"
"Excludes goods that can deteriorate or expire rapidly (fresh food, cut flowers, short-shelf-life pharmaceuticals). <strong>Requires</strong> product attribute <code>is_perishable = true</code>. Do not enable for all categories — apply it only to truly perishable SKUs, otherwise you will unlawfully deny valid withdrawals.","Schließt Waren aus, die schnell verderben oder ablaufen können (frische Lebensmittel, Schnittblumen, Arzneimittel mit kurzer Haltbarkeit). <strong>Erfordert</strong> das Produktattribut <code>is_perishable = true</code>. Aktivieren Sie diese Option nicht für alle Kategorien — wenden Sie sie nur auf tatsächlich verderbliche SKUs an, andernfalls verweigern Sie rechtswidrig zulässige Widerrufe."
"Art. 16(e) Sealed Hygiene / Health","Art. 16(e) Versiegelte Hygiene-/Gesundheitsartikel"
"Excludes sealed hygiene or health items <strong>only if the seal has been broken after delivery</strong> (cosmetics, intimate apparel, sealed medical supplies). <strong>Requires</strong> product attribute <code>is_sealed_hygiene = true</code>. The exclusion depends on a seal-check at the time of withdrawal (workflow in phase-04) — a sealed, unopened return remains eligible.","Schließt versiegelte Hygiene- oder Gesundheitsartikel aus, <strong>nur wenn das Siegel nach der Lieferung gebrochen wurde</strong> (Kosmetik, Intimwäsche, versiegelte Medizinprodukte). <strong>Erfordert</strong> das Produktattribut <code>is_sealed_hygiene = true</code>. Der Ausschluss hängt von einer Siegelprüfung zum Zeitpunkt des Widerrufs ab (Workflow in Phase 04) — eine versiegelte, ungeöffnete Rücksendung bleibt widerrufsberechtigt."
"Art. 16(i) Sealed Audio / Video / Software","Art. 16(i) Versiegelte Audio-/Video-/Software-Datenträger"
"Excludes sealed audio recordings, video recordings, or sealed computer software <strong>only if the seal has been broken after delivery</strong>. <strong>Requires</strong> product attribute <code>is_sealed_av = true</code>. Same seal-check logic as Art. 16(e). Does not apply to streaming / digital-download content — use Art. 16(m) for those.","Schließt versiegelte Tonaufnahmen, Videoaufnahmen oder versiegelte Computersoftware aus, <strong>nur wenn das Siegel nach der Lieferung gebrochen wurde</strong>. <strong>Erfordert</strong> das Produktattribut <code>is_sealed_av = true</code>. Gleiche Siegelprüfungslogik wie Art. 16(e). Gilt nicht für Streaming-/Digital-Download-Inhalte — verwenden Sie hierfür Art. 16(m)."
"Digital Content (Art. 16(m))","Digitale Inhalte (Art. 16(m))"
"Detection","Erkennung"
"Enable Digital Content Detection","Erkennung digitaler Inhalte aktivieren"
"Master switch for Art. 16(m) digital-content detection. When off, no product is recognised as digital, the checkout waiver step is not required, and the preset always allows withdrawal.","Hauptschalter für die Erkennung digitaler Inhalte gemäß Art. 16(m). Bei Deaktivierung wird kein Produkt als digital erkannt, der Verzichtsschritt im Checkout entfällt, und die Voreinstellung lässt den Widerruf stets zu."
"Detection Strategies","Erkennungsstrategien"
"Which product-type heuristics trigger the digital-content waiver gate. Downloadable + virtual are safe defaults; bundle_contains_digital inspects bundle children; custom_attribute reads the EAV flag configured below.","Welche Produkttyp-Heuristiken den Verzichtsschritt für digitale Inhalte auslösen. Downloadable + virtual sind sichere Voreinstellungen; bundle_contains_digital prüft Bundle-Bestandteile; custom_attribute liest das unten konfigurierte EAV-Flag."
"Custom Attribute Code","Benutzerdefinierter Attributcode"
"EAV attribute code used <strong>only</strong> when <em>Custom attribute flag</em> is picked in <em>Detection strategies</em> above. Default: <code>is_digital_content</code> (boolean attribute, 1 = digital). Ignored otherwise.","EAV-Attributcode, der <strong>nur</strong> verwendet wird, wenn oben unter <em>Erkennungsstrategien</em> die Option <em>Benutzerdefiniertes Attribut-Flag</em> ausgewählt ist. Standard: <code>is_digital_content</code> (boolesches Attribut, 1 = digital). Andernfalls ignoriert."
"Checkout Step + Email","Checkout-Schritt + E-Mail"
"Enable Checkout Waiver Step","Checkout-Schritt zum Verzicht aktivieren"
"When on, carts that contain a detected digital item render the 2-checkbox waiver step at checkout. Has no effect unless <em>Detection → Enable digital content detection</em> is also on.","Bei Aktivierung wird in Warenkörben mit einem erkannten digitalen Artikel der Verzichtsschritt mit 2 Checkboxen im Checkout angezeigt. Hat keine Wirkung, sofern nicht auch <em>Erkennung → Erkennung digitaler Inhalte aktivieren</em> aktiviert ist."
"Merchant BCC Address for Confirmation Emails","BCC-Adresse des Händlers für Bestätigungs-E-Mails"
"Optional. Blind-copies the waiver-confirmation email to a merchant audit address. Leave blank to skip.","Optional. Sendet eine Blindkopie der Verzichtsbestätigungs-E-Mail an eine Händler-Audit-Adresse. Leer lassen, um zu überspringen."
"Mark Virtual-Only Items as Performance-Started on Confirmation","Rein virtuelle Artikel bei Bestätigung als „Leistungsbeginn“ markieren"
"Virtual products have no download trigger. When on, the waiver confirmation email's dispatch counts as performance-start for virtual-only items.","Virtuelle Produkte haben keinen Download-Auslöser. Bei Aktivierung gilt der Versand der Verzichtsbestätigungs-E-Mail als Leistungsbeginn für rein virtuelle Artikel (I-6-Grenze)."
"Confirmation Email Identity","Absenderidentität für Bestätigungs-E-Mails"
"Per-Locale Waiver Text Overrides","Pro Sprache überschriebener Verzichtstext"
"English (en_US)","Englisch (en_US)"
"Consent Text","Einwilligungstext"
"Right-Loss Acknowledgment Text","Bestätigungstext zum Verlust des Widerrufsrechts"
"German (de_DE)","Deutsch (de_DE)"
"Finnish (fi_FI)","Finnisch (fi_FI)"
"Dutch (nl_NL)","Niederländisch (nl_NL)"
"French (fr_FR)","Französisch (fr_FR)"
"Italian (it_IT)","Italienisch (it_IT)"
"Spanish (es_ES)","Spanisch (es_ES)"
"Polish (pl_PL)","Polnisch (pl_PL)"
"Portuguese (pt_PT)","Portugiesisch (pt_PT)"
"Danish (da_DK)","Dänisch (da_DK)"
"Swedish (sv_SE)","Schwedisch (sv_SE)"
"German — Austria (de_AT)","Deutsch — Österreich (de_AT)"
"Swedish — Finland (sv_FI)","Schwedisch — Finnland (sv_FI)"
"Dutch — Belgium (nl_BE)","Niederländisch — Belgien (nl_BE)"
"French — Belgium (fr_BE)","Französisch — Belgien (fr_BE)"
"German — Belgium (de_BE)","Deutsch — Belgien (de_BE)"
"French — Luxembourg (fr_LU)","Französisch — Luxemburg (fr_LU)"
"Pre-Contract Information (Art. 6(1)(h))","Vorvertragliche Information (Art. 6 Abs. 1 lit. h)"
"Enable Pre-Contract Disclosure","Vorvertragliche Information aktivieren"
"Master kill-switch. Disabled = block does not render and no display events are recorded. Disabling exposes the merchant to Art. 10 (12 month + 14 day extended withdrawal period). Default: enabled.","Hauptdeaktivierungsschalter. Deaktiviert = der Block wird nicht angezeigt und keine Anzeigeereignisse werden erfasst. Eine Deaktivierung setzt den Händler Art. 10 aus (verlängerte Widerrufsfrist von 12 Monaten + 14 Tagen). Standard: aktiviert."
"Withdrawal Period (Days)","Widerrufsfrist (Tage)"
"Default 14 days per Art. 9(2). Extension allowed (e.g. 30, 100). Reduction below 14 is illegal — the field validates >=14 only when the module is enabled.","Standard 14 Tage gemäß Art. 9(2). Verlängerung zulässig (z. B. 30, 100). Eine Verkürzung unter 14 Tage ist unzulässig — das Feld validiert >=14 nur, wenn das Modul aktiviert ist."
"Return Address","Rücksendeadresse"
"Where consumers send goods back. Leave empty to fall back to the store address from Stores → Configuration → General → General → Store Information.","Wohin Verbraucher Waren zurücksenden. Leer lassen, um auf die Adresse aus Stores → Konfiguration → Allgemein → Allgemein → Storeinformationen zurückzugreifen."
"Display In Checkout","Im Checkout anzeigen"
"Annex I Overrides Per Locale","Anhang-I-Überschreibungen pro Sprache"
"Bulgarian (bg_BG)","Bulgarisch (bg_BG)"
"Czech (cs_CZ)","Tschechisch (cs_CZ)"
"Greek (el_GR)","Griechisch (el_GR)"
"Estonian (et_EE)","Estnisch (et_EE)"
"Croatian (hr_HR)","Kroatisch (hr_HR)"
"Hungarian (hu_HU)","Ungarisch (hu_HU)"
"Lithuanian (lt_LT)","Litauisch (lt_LT)"
"Latvian (lv_LV)","Lettisch (lv_LV)"
"Romanian (ro_RO)","Rumänisch (ro_RO)"
"Slovak (sk_SK)","Slowakisch (sk_SK)"
"Slovenian (sl_SI)","Slowenisch (sl_SI)"
"Frontend","Frontend"
"Buttons","Schaltflächen"
"Step 1 Button Label","Beschriftung der Schaltfläche von Schritt 1"
"<strong>⚠ Legal warning.</strong> Art. 11a(2) CRD requires the literal text ""withdraw from contract here"" <em>or a corresponding unambiguous formulation</em>. The default value (""Withdraw from contract here"") is the Directive's verbatim phrase. Per-locale translations are counsel-signed. <strong>Do not override unless you have received written advice from qualified consumer-law counsel in the target jurisdiction.</strong> Every override is recorded in the audit log.","<strong>⚠ Rechtlicher Warnhinweis (Lücke Nr. 4).</strong> Art. 11a(2) VRRL verlangt den wörtlichen Text „withdraw from contract here“ <em>oder eine entsprechende eindeutige Formulierung</em>. Der Standardwert („Withdraw from contract here“) ist die wörtliche Formulierung der Richtlinie; sprachenspezifische Übersetzungen sind in <code>i18n/*.csv</code> enthalten und entsprechen dem juristisch geprüften Wortlaut, der im Tag <code>legal.button-labels.v1</code> festgehalten ist. <strong>Überschreiben Sie diesen Wert nur nach schriftlicher Beratung durch qualifizierten Verbraucherrechtsbeistand in der Zielrechtsordnung.</strong> Jede Überschreibung wird im Audit-Log erfasst."
"Step 2 Button Label (Confirmation)","Beschriftung der Schaltfläche von Schritt 2 (Bestätigung)"
"<strong>⚠ Legal warning.</strong> This is the label on the final confirmation button. Default (""Confirm withdrawal"") is counsel-signed. Per-locale translations are counsel-signed. Override only with written legal advice; overrides are audit-logged.","<strong>⚠ Rechtlicher Warnhinweis (Lücke Nr. 4).</strong> Dies ist die Beschriftung der abschließenden Bestätigungsschaltfläche. Der Standard („Confirm withdrawal“) ist juristisch geprüft. Per-locale translations are counsel-signed. Nur nach schriftlicher Rechtsberatung überschreiben; Überschreibungen werden im Audit-Log erfasst."
"Placements","Platzierungen"
"Show Footer Link","Footer-Link anzeigen"
"Show in My Account","Im Kundenkonto anzeigen"
"Return Reasons","Rücksendegründe"
"Reasons","Gründe"
"List of reasons offered to the customer in the per-item dropdown. <strong>Code</strong> is the machine value (lowercase, snake_case, max 32 chars); <strong>Label</strong> is the visible text. Empty grid hides the dropdown entirely.","Liste der Gründe, die dem Kunden im Dropdown pro Artikel angeboten werden. <strong>Code</strong> ist der in der Datenbank gespeicherte Maschinenwert (Kleinbuchstaben, snake_case, max. 32 Zeichen); <strong>Bezeichnung</strong> ist der sichtbare Text. Eine leere Tabelle blendet das Dropdown vollständig aus."
"Enable ""Other"" with Free Text","Option „Sonstiges“ mit Freitext aktivieren"
"When enabled, an ""Other"" option appears in the dropdown that reveals a free-text field (max 500 chars).","Bei Aktivierung erscheint im Dropdown die Option „Sonstiges“, die ein Freitextfeld einblendet (max. 500 Zeichen)."
"Review Step","Prüfschritt"
"Return Shipping Notice","Hinweis zum Rückversand"
"Text shown on the Review & Confirm step (step 3). Example: ""You'll receive a prepaid shipping label in the confirmation email."" or ""Return shipping costs are paid by the customer."" Leave blank to hide the row.","Text, der im Schritt „Prüfen & bestätigen“ (Schritt 3) angezeigt wird. Beispiel: „Sie erhalten ein vorausbezahltes Versandetikett in der Bestätigungs-E-Mail.“ oder „Die Kosten der Rücksendung trägt der Kunde.“ Leer lassen, um die Zeile auszublenden."
"Return Policy URL","URL der Rückgaberichtlinie"
"Optional link rendered next to the shipping notice (""View return policy""). Accepts absolute URLs or relative paths like ""return-policy"".","Optionaler Link, der neben dem Versandhinweis angezeigt wird („Rückgaberichtlinie ansehen“). Akzeptiert absolute URLs oder relative Pfade wie „return-policy“."
"Customer Notifications","Kundenbenachrichtigungen"
"All customer-facing emails sent by the module. Each email can be enabled/disabled, assigned a custom template (Marketing → Email Templates), and BCC'd to a merchant address. The shared <em>Branding</em> subgroup at the bottom controls the layout (USP strip, social links) used by every email below.","Alle vom Modul versendeten Kunden-E-Mails. Jede E-Mail kann aktiviert/deaktiviert, mit einer benutzerdefinierten Vorlage versehen (Marketing → E-Mail-Vorlagen) und per BCC an eine Händleradresse gesendet werden. Die gemeinsame Untergruppe <em>Branding</em> unten steuert das Layout (USP-Leiste, Social-Media-Links), das von allen unten aufgeführten E-Mails verwendet wird."
"1. Submission Confirmation Email","1. E-Mail zur Eingangsbestätigung"
"Enabled","Aktiviert"
"Email Template","E-Mail-Vorlage"
"BCC Merchant","BCC an Händler"
"Comma-separated. Leave blank to disable.","Kommagetrennt. Leer lassen, um zu deaktivieren."
"2. Approval Email","2. E-Mail zur Genehmigung"
"3. Denial Email","3. E-Mail zur Ablehnung"
"4. Cancellation Email (Admin-Initiated)","4. E-Mail zur Stornierung (durch Administrator)"
"5. Cancellation Email (Customer Self-Cancel)","5. E-Mail zur Stornierung (durch Kunden)"
"6. Receipt Email (Durable Medium — Art. 11a(4))","6. Empfangsbestätigung per E-Mail (dauerhafter Datenträger — Art. 11a(4))"
"Legally required durable-medium confirmation. Cannot be fully disabled (Art. 11a(4) Directive 2011/83/EU). Disabling here only stops the sender — the receipt is still generated and stored.","Gesetzlich vorgeschriebene Bestätigung auf einem dauerhaften Datenträger. Kann nicht vollständig deaktiviert werden (Art. 11a(4) Richtlinie 2011/83/EU). Eine Deaktivierung hier stoppt nur den Versand — der Beleg wird weiterhin erzeugt und gespeichert."
"Send Email","E-Mail senden"
"Comma-separated.","Kommagetrennt."
"Delivery Retry Attempts","Wiederholungsversuche bei der Zustellung"
"Number of delivery attempts before a receipt is flagged as undelivered.","Anzahl der Zustellversuche, bevor ein Beleg als unzustellbar markiert wird."
"DLQ Alert Recipient","Empfänger der DLQ-Warnungen"
"Notified when a receipt fails permanently. Falls back to Store Email Addresses → General Contact.","Wird benachrichtigt, wenn ein Beleg endgültig nicht zugestellt werden kann. Fällt auf Stores → E-Mail-Adressen → Allgemeiner Kontakt zurück."
"7. Digital Waiver Confirmation Email (Art. 11a(4))","7. E-Mail zur Bestätigung des Verzichts auf digitale Inhalte (Art. 11a(4))"
"Durable-medium copy of the customer's Art. 16(m) waiver, sent immediately after checkout when a digital item is in cart. Required by Art. 11a(4) Directive 2011/83/EU — keeps a tamper-evident record of the legal text the customer accepted.","Kopie des Verzichts gemäß Art. 16(m) auf einem dauerhaften Datenträger, die unmittelbar nach dem Checkout versandt wird, wenn sich ein digitaler Artikel im Warenkorb befindet. Erforderlich nach Art. 11a(4) Richtlinie 2011/83/EU — bewahrt einen manipulationssicheren Nachweis des vom Kunden akzeptierten Rechtstexts sowie den SHA-256-Hash zur Hash-Ketten-Verifizierung."
"Comma-separated. Receives a copy of every confirmation for audit purposes.","Kommagetrennt. Erhält zu Audit-Zwecken eine Kopie jeder Bestätigung."
"Branding (Shared by All Emails Above)","Branding (gemeinsam für alle obigen E-Mails)"
"Optional decoration of the customer-facing emails. Empty fields hide their respective rows. Brand wordmark, logo, support email, and store address are read from the standard Magento configuration tree (Stores → Configuration → General + Design → Transactional Emails).","Optionale Gestaltung der Kunden-E-Mails. Leere Felder blenden die jeweiligen Zeilen aus. Marken-Wortmarke, Logo, Support-E-Mail und Geschäftsadresse werden aus dem Standard-Magento-Konfigurationsbaum gelesen (Stores → Konfiguration → Allgemein + Design → Transaktions-E-Mails)."
"USP Strip — Item 1","USP-Leiste — Element 1"
"Icon","Symbol"
"Title","Titel"
"Subtitle","Untertitel"
"USP Strip — Item 2","USP-Leiste — Element 2"
"USP Strip — Item 3","USP-Leiste — Element 3"
"Social Links","Social-Media-Links"
"Instagram URL","Instagram-URL"
"X / Twitter URL","X-/Twitter-URL"
"Facebook URL","Facebook-URL"
"YouTube URL","YouTube-URL"
"Privacy & Retention","Datenschutz und Aufbewahrung"
"Two-stage GDPR data lifecycle for the <code>mm_eu_withdrawal_request</code> table. Withdrawal requests carry both <em>personally identifiable</em> data (customer name, email, IP, user agent, admin notes, denial reasons) and a content hash that is the Art. 11a(4) <em>durable-medium</em> legal proof. The two have different mandatory retention periods, so we store them on the same row and age them out separately.","Zweistufiger DSGVO-Datenlebenszyklus für die Tabelle <code>mm_eu_withdrawal_request</code>. Widerrufsanträge enthalten sowohl <em>personenbezogene</em> Daten (Kundenname, E-Mail, IP, User-Agent, Admin-Notizen, Ablehnungsgründe) als auch einen Inhalts-Hash, der den rechtlichen Nachweis auf einem <em>dauerhaften Datenträger</em> nach Art. 11a(4) darstellt. Beide haben unterschiedliche gesetzliche Aufbewahrungsfristen, weshalb wir sie in derselben Zeile speichern und getrennt auslaufen lassen."
"PII Retention (days)","Aufbewahrungsdauer personenbezogener Daten (Tage)"
"How long the <strong>personally identifiable columns</strong> stay on a row before the daily cron <strong>nullifies</strong> them: <code>customer_name</code>, <code>customer_email</code>, <code>customer_ip</code>, <code>user_agent</code>, <code>denial_reason</code>, <code>admin_note</code>. The row itself stays — only PII is wiped. Counted from the row's <code>created_at</code>.<br/><br/>
                        <strong>Default: 730 days (2 years).</strong> This is the floor — GDPR Art. 5(1)(e) (""storage limitation"") balanced against the statute of limitations for consumer-rights claims in most EU member states (1–2 years). Range: 730–3650 days.","Wie lange die <strong>personenbezogenen Spalten</strong> in einer Zeile verbleiben, bevor der tägliche Cron sie <strong>auf NULL setzt</strong>: <code>customer_name</code>, <code>customer_email</code>, <code>customer_ip</code>, <code>user_agent</code>, <code>denial_reason</code>, <code>admin_note</code>. Die Zeile selbst bleibt erhalten — nur die personenbezogenen Daten werden gelöscht. Gerechnet ab dem <code>created_at</code> der Zeile.<br/><br/>
                        <strong>Standard: 730 Tage (2 Jahre).</strong> Dies ist die Untergrenze — abgewogen zwischen DSGVO Art. 5(1)(e) („Speicherbegrenzung“) und den Verjährungsfristen für verbraucherrechtliche Ansprüche in den meisten EU-Mitgliedstaaten (1–2 Jahre). Bereich: 730–3650 Tage."
"Hash Retention (days)","Aufbewahrungsdauer der Hashes (Tage)"
"How long the <strong>content hash</strong> (Art. 11a(4) durable-medium proof) stays. After PII has been wiped above, the row keeps only the SHA-256 hash + receipt timestamps until this period expires; then the cron <strong>deletes the whole row</strong>.<br/><br/>
                        <strong>Default: 2190 days (6 years).</strong> Matches the longest commercial-records retention obligation in EU member states (typically 6 years for accounting / VAT). Must be ≥ PII Retention. Range: 2190–3650 days.","Wie lange der <strong>Inhalts-Hash</strong> (Nachweis auf dauerhaftem Datenträger nach Art. 11a(4)) verbleibt. Nachdem die personenbezogenen Daten oben gelöscht wurden, behält die Zeile nur den SHA-256-Hash + Beleg-Zeitstempel, bis diese Frist abläuft; dann <strong>löscht der Cron die gesamte Zeile</strong>.<br/><br/>
                        <strong>Standard: 2190 Tage (6 Jahre).</strong> Entspricht der längsten handelsrechtlichen Aufbewahrungspflicht in EU-Mitgliedstaaten (typischerweise 6 Jahre für Buchhaltung/USt). Muss ≥ Aufbewahrungsdauer personenbezogener Daten sein. Bereich: 2190–3650 Tage."
"Append-only audit log of all withdrawal lifecycle events (GDPR Art. 5(2) accountability).
                    Personal data (IP, user agent, customer actor ID) is automatically nullified after the retention period.
                    The audit rows themselves are never deleted — only anonymised.","Ausschließlich anhängendes Audit-Log aller Widerruf-Lebenszyklusereignisse (DSGVO Art. 5(2) Rechenschaftspflicht).
                    Personenbezogene Daten (IP, User-Agent, Kunden-Akteur-ID) werden nach Ablauf der Aufbewahrungsfrist automatisch auf NULL gesetzt.
                    Die Audit-Zeilen selbst werden niemals gelöscht — nur anonymisiert."
"Order #","Bestell-Nr."
"Contract","Vertrag"
"Submitter","Antragsteller"
"Withdrawal submitted","Widerruf eingereicht"
"Right of Withdrawal — Required Information","Widerrufsrecht — Erforderliche Informationen"
"Before placing your order, please review the conditions, time limit, and procedures for exercising your 14-day right of withdrawal. This information forms part of your contract.","Bevor Sie Ihre Bestellung aufgeben, lesen Sie bitte die Bedingungen, die Frist und das Verfahren zur Ausübung Ihres 14-tägigen Widerrufsrechts. Diese Informationen sind Bestandteil Ihres Vertrags."
"Conditions, Time Limit and Procedures for Withdrawal","Bedingungen, Frist und Verfahren für den Widerruf"
"Start Online Return","Online-Rücksendung starten"
"Download Model Withdrawal Form (Annex I(B))","Muster-Widerrufsformular herunterladen (Anhang I(B))"
"Withdrawal Information v%1 — Issued %2","Widerrufsinformationen v%1 — ausgestellt %2"
"You'll receive a prepaid shipping label in the confirmation email.","Sie erhalten in der Bestätigungs-E-Mail ein vorausbezahltes Versandetikett."
"← Back to order search","← Zurück zur Bestellsuche"
"← Back to items","← Zurück zu den Artikeln"
"Find order","Bestellung finden"
"Enter your order number and email","Bestellnummer und E-Mail eingeben"
"Select items","Artikel auswählen"
"Choose items to return (partial withdrawal)","Artikel zur Rückgabe auswählen (Teilwiderruf)"
"Review & confirm","Prüfen & bestätigen"
"Review your return details and confirm","Rückgabedetails prüfen und bestätigen"
"Request submitted","Antrag eingereicht"
"We'll confirm your request by email","Wir bestätigen Ihren Antrag per E-Mail"
"I expressly consent to begin performance of the digital content before the withdrawal period expires.","Ich verlange ausdrücklich die Ausführung des digitalen Inhalts vor Ablauf der Widerrufsfrist."
"I acknowledge that by giving this consent I lose my right of withdrawal once performance has begun (Art. 16(m) CRD).","Mir ist bekannt, dass ich mit dieser Zustimmung mein Widerrufsrecht verliere, sobald die Ausführung begonnen hat (Art. 16 lit. m VRRL)."
"Withdrawals","Widerrufe"
"Minimum %1 characters required.","Mindestens %1 Zeichen erforderlich."
"Failed to add note.","Notiz konnte nicht hinzugefügt werden."
"Network error while adding note.","Netzwerkfehler beim Hinzufügen der Notiz."
"Exported Evidence","Nachweis exportiert"
"Pending Confirm","Bestätigung ausstehend"
"Sent","Gesendet"
"Failed Permanent","Endgültig fehlgeschlagen"
"Failed Retry","Fehlgeschlagen, Wiederholung"
"Eligible","Berechtigt"
"Excluded","Ausgeschlossen"
"Action","Aktion"
"From","Von"
"To","An"
"Admin Id","Admin-ID"
"Order Id","Bestell-ID"
"Request Id","Antrags-ID"
"Item Count","Anzahl Artikel"
"Rules Fired","Angewandte Regeln"
"Topic","Thema"
"Message Id","Nachrichten-ID"
"Email To Hash","E-Mail-Hash"
"Attempts","Versuche"
"Viewed At","Angesehen am"
"Referrer Host","Verweisender Host"
"Optional legal template — not required to use; you can also exercise the right of withdrawal by any unequivocal statement.","Optionale rechtliche Vorlage — nicht zwingend zu verwenden; Sie können den Widerruf auch durch eine andere eindeutige Erklärung ausüben."
"Right of withdrawal","Widerrufsrecht"
"You have 14 days from the day you receive your order to withdraw without giving any reason — full refund to your original payment method.","Sie haben 14 Tage ab Erhalt Ihrer Bestellung, um ohne Angabe von Gründen zu widerrufen — vollständige Erstattung auf Ihre ursprüngliche Zahlungsmethode."
"Some items may be excluded by law (perishable goods, custom-made items, sealed hygiene or audio/video products). We'll show you exactly what's eligible on the next page.","Einige Artikel können gesetzlich ausgeschlossen sein (verderbliche Waren, Sonderanfertigungen, versiegelte Hygiene- oder Audio-/Videoprodukte). Wir zeigen Ihnen auf der nächsten Seite genau, was widerrufbar ist."
"Direct link — no login or account password required.","Direktlink — keine Anmeldung oder Kontopasswort erforderlich."
"Art. 16(m) CRD exclusion — digital content where the customer has (1) given express prior consent to begin performance and (2) acknowledged that they lose the withdrawal right. Two switches: the <em>Detection</em> subgroup decides what counts as digital (master switch), the <em>Checkout step + Email</em> subgroup renders the 2-checkbox waiver UX and dispatches the confirmation email. Both must be ON for the feature to work end-to-end. Use this only for <strong>one-time digital purchases</strong> (ebooks, software installers, music files, games). Do <strong>not</strong> enable it for ongoing digital <strong>subscriptions or services</strong> (SaaS, streaming, hosted software) — EU case law (CJEU Sky, C-641/19) requires a different consent flow for those.","Art. 16(m) CRD exclusion — digital content where the customer has (1) given express prior consent to begin performance and (2) acknowledged that they lose the withdrawal right. Two switches: the <em>Detection</em> subgroup decides what counts as digital (master switch), the <em>Checkout step + Email</em> subgroup renders the 2-checkbox waiver UX and dispatches the confirmation email. Both must be ON for the feature to work end-to-end. Use this only for <strong>one-time digital purchases</strong> (ebooks, software installers, music files, games). Do <strong>not</strong> enable it for ongoing digital <strong>subscriptions or services</strong> (SaaS, streaming, hosted software) — EU case law (CJEU Sky, C-641/19) requires a different consent flow for those."
"Customer-facing UX for the withdrawal flow. Subgroups: <em>Buttons</em> (legal-critical labels), <em>Placements</em> (where to surface the link), <em>Return Reasons</em> (per-item dropdown), <em>Review Step</em> (content on step 3 of the flow).","Kundenseitige UX für den Widerrufsablauf. Untergruppen: <em>Schaltflächen</em> (rechtlich relevante Beschriftungen), <em>Platzierungen</em> (wo der Link angezeigt wird), <em>Rückgabegründe</em> (Dropdown pro Artikel), <em>Prüfungsschritt</em> (Inhalt in Schritt 3 des Ablaufs)."
"Disable only if you deliver the durable-medium confirmation through a different channel.","Nur deaktivieren, wenn Sie die Bestätigung auf einem dauerhaften Datenträger über einen anderen Kanal übermitteln."
"Disable only if you deliver the receipt through a different durable medium (postal mail, customer account download, etc.).","Nur deaktivieren, wenn Sie den Beleg über einen anderen dauerhaften Datenträger übermitteln (Post, Download im Kundenkonto usw.)."
"Empty fields fall through to the locale baseline. Any override value becomes part of the SHA-256 hash stored per consent event — changing a field after customers have consented does <strong>not</strong> retroactively invalidate prior consents.","Leere Felder greifen auf die Basisvorlage in the locale baseline für die Sprache/Rechtsordnung zurück. Jeder Override-Wert fließt in den SHA-256-Hash ein, der pro Einwilligungsereignis gespeichert wird — eine Feldänderung, nachdem Kunden eingewilligt haben, macht frühere Einwilligungen <strong>nicht</strong> rückwirkend ungültig."
"Mandatory pre-contractual disclosure of the right of withdrawal. Displayed on the checkout payment step. Each display is logged forensically (Art. 10 defence). Snapshot of the rendered text is stored immutably (Art. 6(5)). <strong>Counsel review recommended before customising any Annex I text.</strong>","Pflichtmäßige vorvertragliche Information über das Widerrufsrecht. Wird im Zahlungsschritt der Kasse angezeigt. Jede Anzeige wird forensisch protokolliert (Verteidigung nach Art. 10). Ein Snapshot des dargestellten Textes wird unveränderlich gespeichert (Art. 6 Abs. 5). <strong>Vor der Anpassung von Anhang-I-Texten wird eine juristische Prüfung empfohlen.</strong>"
"Off = block hidden but display events still recorded server-side via predispatch fallback. Use only for sandbox testing. Default: on.","Aus = Block ausgeblendet, Anzeigeereignisse werden jedoch weiterhin serverseitig per Predispatch-Fallback erfasst. Nur für Sandbox-Tests verwenden. Standard: an."
"Optional URLs rendered as round monogram badges in the email footer. Leave blank to hide.","Optionale URLs, die als runde Monogramm-Badges im E-Mail-Footer angezeigt werden. Leer lassen, um sie auszublenden."
"Sent when a customer cancels their own pending withdrawal.","Wird gesendet, wenn ein Kunde seinen eigenen ausstehenden Widerruf storniert."
"Sent when a customer completes the withdrawal form.","Wird gesendet, wenn ein Kunde das Widerrufsformular ausfüllt."
"Sent when an admin approves a withdrawal request.","Wird gesendet, wenn ein Administrator einen Widerrufsantrag genehmigt."
"Sent when an admin cancels a withdrawal request on the customer's behalf.","Wird gesendet, wenn ein Administrator einen Widerrufsantrag im Namen des Kunden storniert."
"Sent when an admin denies a withdrawal request.","Wird gesendet, wenn ein Administrator einen Widerrufsantrag ablehnt."
"These presets exclude specific product categories from the 14-day withdrawal right, per Art. 16 CRD. Each rule is OFF by default — enable only after confirming the corresponding product attribute is set correctly on your catalog.","Diese Voreinstellungen schließen bestimmte Produktkategorien vom 14-tägigen Widerrufsrecht nach Art. 16 VRRL aus. Jede Regel ist standardmäßig AUS — aktivieren Sie sie erst, nachdem Sie geprüft haben, dass das entsprechende Produktattribut in Ihrem Katalog korrekt gesetzt ist."
"e.g. ""EU orders above €50""","z. B. „EU-Bestellungen über 50 €“"
"e.g. ""Free delivery""","z. B. „Gratisversand“"
"Qty: ","Menge: "
"Submission failed. Please try again.","Übermittlung fehlgeschlagen. Bitte versuchen Sie es erneut."
"Network error. Please try again.","Netzwerkfehler. Bitte versuchen Sie es erneut."
"Invalid server response.","Ungültige Serverantwort."
"Admin Notifications","Administrator-Benachrichtigungen"
"Internal alerts to your team. Independent of the per-email <em>BCC Merchant</em> checkboxes under <em>Customer Notifications</em> below — if you enable both, you will receive two emails per request.","Interne Benachrichtigungen für Ihr Team. Unabhängig von den Kontrollkästchen <em>BCC an Händler</em> unter <em>Kundenbenachrichtigungen</em> weiter unten — wenn Sie beides aktivieren, erhalten Sie zwei E-Mails pro Anfrage."
"1. New Request Alert","1. Benachrichtigung über neue Anfrage"
"Sent the moment a customer completes the two-step withdrawal flow.","Wird in dem Moment gesendet, in dem ein Kunde den zweistufigen Widerrufsprozess abschließt."
"Recipient Email(s)","Empfänger-E-Mail(s)"
"BCC","BCC"
"New Withdrawal Request","Neue Widerrufsanfrage"
"A new withdrawal request was just submitted.","Soeben wurde eine neue Widerrufsanfrage eingereicht."
"Request:","Anfrage:"
"Order:","Bestellung:"
"Customer:","Kunde:"
"Refund Total:","Erstattungssumme:"
"[Withdrawal] New request %request_increment_id · Order #%order_increment_id · %refund_total","[Widerruf] Neue Anfrage %request_increment_id · Bestellung #%order_increment_id · %refund_total"
"Anonymised","Anonymisiert"
"Audit","Prüfung"
"Cancel Order","Bestellung stornieren"
"Confirmation Email (Art. 11a(4))","Bestätigungs-E-Mail (Art. 11a(4))"
"Detection (Art. 16(m))","Erkennung (Art. 16(m))"
"Digital Waiver (Art. 16(m))","Digitaler Verzicht (Art. 16(m))"
"Email Identity","E-Mail-Absender"
"ID","ID"
"Integrity hash","Integritäts-Hash"
"Pre-Contract Proof","Vorvertraglicher Nachweis"
"Verify this receipt","Diese Bestätigung prüfen"
"Withdrawal Window","Widerrufsfrist"
"This SHA-256 hash uniquely identifies your withdrawal record. Verify it at any time using the button above.","Dieser SHA-256-Hash identifiziert Ihren Widerrufsdatensatz eindeutig. Sie können ihn jederzeit über die Schaltfläche oben prüfen."
"Digital content waiver confirmation — Order %increment_id","Bestätigung des Verzichts auf digitale Inhalte — Bestellung %increment_id"
"Comma-separated. Each recipient receives a separate email rendered in their own admin locale (looked up via the admin user's interface_locale; fallback to general/locale/code). Invalid addresses dropped silently.","Komma-getrennt. Jeder Empfänger erhält eine separate E-Mail in seiner eigenen Admin-Sprache (über interface_locale des Admin-Benutzers; Fallback — general/locale/code). Ungültige Adressen werden stillschweigend verworfen."
"Art. 16(m) CRD digital-content detection. Determines what counts as digital content for eligibility purposes. The actual checkout-step waiver UI and email lives in the next section ""Digital Waiver"".","Erkennung digitaler Inhalte nach Art. 16(m) VRRL. Legt fest, was für die Widerrufsfähigkeit als digitaler Inhalt zählt. Die eigentliche Verzichts-UI im Checkout und die E-Mail befinden sich im nächsten Abschnitt „Digitaler Verzicht“."
"Art. 16(m) CRD exclusion — digital content where the customer has (1) given express prior consent to begin performance and (2) acknowledged that they lose the withdrawal right. Two switches control this feature end-to-end: the <em>Detection</em> subgroup under <em>Eligibility Rules</em> decides what counts as digital (master switch); this section renders the 2-checkbox waiver UX at checkout and dispatches the Art. 11a(4) confirmation email. Both must be ON for the feature to work end-to-end. Per-locale text overrides below. Use this only for <strong>one-time digital purchases</strong> (ebooks, software installers, music files, games). Do <strong>not</strong> enable it for ongoing digital <strong>subscriptions or services</strong> (SaaS, streaming, hosted software) — EU case law (CJEU Sky, C-641/19) requires a different consent flow for those.","Ausnahme nach Art. 16(m) VRRL — digitale Inhalte, bei denen der Kunde (1) ausdrücklich zugestimmt hat, dass die Ausführung beginnt, und (2) anerkannt hat, das Widerrufsrecht zu verlieren. Zwei Schalter steuern die Funktion: die Untergruppe <em>Erkennung</em> unter <em>Eligibility Rules</em> entscheidet, was als digital gilt (Hauptschalter); dieser Abschnitt rendert die Verzichts-UI mit 2 Kontrollkästchen im Checkout und versendet die Bestätigungs-E-Mail nach Art. 11a(4). Beide müssen EIN sein. Übersetzungen pro Sprache unten. Nur für <strong>einmalige digitale Käufe</strong> verwenden (E-Books, Installer, Musikdateien, Spiele). <strong>Nicht</strong> für laufende digitale <strong>Abonnements oder Dienste</strong> (SaaS, Streaming, gehostete Software) aktivieren — die EU-Rechtsprechung (CJEU Sky, C-641/19) verlangt einen anderen Einwilligungsablauf."
"Defines <strong>when</strong> the 14-day withdrawal right starts running (the delivery trigger, Art. 9(2)(b)) and <strong>how long</strong> it lasts in days (Art. 9(2)). Together these control the period each order's withdrawal is open.","Definiert, <strong>wann</strong> die 14-tägige Widerrufsfrist beginnt (Liefer-Trigger, Art. 9(2)(b)) und <strong>wie lange</strong> sie in Tagen läuft (Art. 9(2)). Zusammen steuern sie den Zeitraum, in dem jede Bestellung widerruflich ist."
"Default 14 days per Art. 9(2). Extension allowed (e.g. 30, 100). Reduction below 14 is illegal — the field validates 14-3650 only.","Standard 14 Tage nach Art. 9(2). Verlängerung erlaubt (z. B. 30, 100). Verkürzung unter 14 ist unzulässig — das Feld validiert nur 14-3650."
"When on, carts that contain a detected digital item render the 2-checkbox waiver step at checkout. Has no effect unless <em>Eligibility Rules → Detection → Enable Digital Content Detection</em> is also on.","Wenn aktiviert, zeigen Warenkörbe mit einem erkannten digitalen Artikel den Verzichts-Schritt mit 2 Kontrollkästchen im Checkout an. Hat keine Wirkung, sofern nicht auch <em>Eligibility Rules → Erkennung → Erkennung digitaler Inhalte aktivieren</em> aktiviert ist."
"Optional. Comma-separated. Blind-copies the waiver-confirmation email to a merchant audit address. Leave blank to skip.","Optional. Komma-getrennt. Sendet eine Blindkopie der Verzichts-Bestätigungs-E-Mail an eine Audit-Adresse des Händlers. Leer lassen, um zu überspringen."
"<strong>⚠ Legal warning.</strong> Art. 11a(2) CRD requires the literal text ""withdraw from contract here"" <em>or a corresponding unambiguous formulation</em>. The default value (""Withdraw from contract here"") is the Directive's verbatim phrase; Per-locale translations are counsel-signed. <strong>Do not override unless you have received written advice from qualified consumer-law counsel in the target jurisdiction.</strong> Every override is recorded in the audit log.","<strong>⚠ Rechtlicher Hinweis.</strong> Art. 11a(2) VRRL verlangt den wörtlichen Text „hier vom Vertrag zurücktreten“ <em>oder eine entsprechend eindeutige Formulierung</em>. Der Standardwert („Hier vom Vertrag zurücktreten“) ist die wörtliche Formulierung der Richtlinie; Übersetzungen pro Sprache sind anwaltlich geprüft. <strong>Nicht überschreiben, ohne schriftlichen Rat eines qualifizierten Verbraucherschutz-Anwalts in der betreffenden Jurisdiktion erhalten zu haben.</strong> Jede Überschreibung wird im Audit-Log erfasst."
"<strong>⚠ Legal warning.</strong> This is the label on the final confirmation button. Default (""Confirm withdrawal"") is counsel-signed; Per-locale translations are counsel-signed. Override only with written legal advice; overrides are audit-logged.","<strong>⚠ Rechtlicher Hinweis.</strong> Dies ist die Beschriftung der finalen Bestätigungs-Schaltfläche. Standardwert („Widerruf bestätigen“) ist anwaltlich geprüft; Übersetzungen pro Sprache sind anwaltlich geprüft. Nur mit schriftlichem Rechtsrat überschreiben; Überschreibungen werden im Audit-Log erfasst."
"Cancel the linked order? No payment has been captured, so there is nothing to refund — the order will be cancelled in Magento.","Die verknüpfte Bestellung stornieren? Es wurde keine Zahlung erfasst, daher gibt es nichts zu erstatten — die Bestellung wird in Magento storniert."
"Two-stage GDPR data lifecycle. Withdrawal requests carry both <em>personally identifiable</em> data (customer name, email, IP, user agent, admin notes, denial reasons) and a content hash that is the Art. 11a(4) <em>durable-medium</em> legal proof. The two have different mandatory retention periods and are aged out separately.","Zweistufiger DSGVO-Datenlebenszyklus. Widerrufsanfragen enthalten sowohl <em>personenbezogene</em> Daten (Kundenname, E-Mail, IP, User-Agent, Admin-Notizen, Ablehnungsgründe) als auch einen Inhalts-Hash, der den Nachweis auf <em>dauerhaftem Datenträger</em> nach Art. 11a(4) bildet. Beide haben unterschiedliche verpflichtende Aufbewahrungsfristen und werden separat verworfen."
"How long the <strong>personally identifiable fields</strong> (customer name, email, IP, user agent, denial reason, admin note) are kept before they are nullified by the daily privacy cron. The withdrawal record itself stays — only PII is wiped. Counted from the record's creation date.<br/><br/>
                        <strong>Default: 730 days (2 years).</strong> This is the floor — GDPR Art. 5(1)(e) (""storage limitation"") balanced against the statute of limitations for consumer-rights claims in most EU member states (1–2 years). Range: 730–3650 days.","Wie lange die <strong>personenbezogenen Felder</strong> (Kundenname, E-Mail, IP, User-Agent, Ablehnungsgrund, Admin-Notiz) aufbewahrt werden, bevor sie vom täglichen Privacy-Cron auf NULL gesetzt werden. Der Widerrufsdatensatz selbst bleibt — nur die PII wird gelöscht. Gezählt ab Erstellungsdatum des Datensatzes.<br/><br/>
                        <strong>Standard: 730 Tage (2 Jahre).</strong> Dies ist die Untergrenze — DSGVO Art. 5(1)(e) („Speicherbegrenzung“) ausbalanciert mit den Verjährungsfristen für Verbraucherrechtsansprüche in den meisten EU-Mitgliedstaaten (1–2 Jahre). Bereich: 730–3650 Tage."
"How long the <strong>content hash</strong> (Art. 11a(4) durable-medium proof) is retained. After PII has been wiped, the record keeps only the hash and receipt timestamps until this period expires; then the record is deleted entirely.<br/><br/>
                        <strong>Default: 2190 days (6 years).</strong> Matches the longest commercial-records retention obligation in EU member states (typically 6 years for accounting / VAT). Must be ≥ PII Retention. Range: 2190–3650 days.","Wie lange der <strong>Inhalts-Hash</strong> (Nachweis auf dauerhaftem Datenträger nach Art. 11a(4)) aufbewahrt wird. Nach Löschen der PII enthält der Datensatz nur noch den Hash und Quittungszeitstempel, bis diese Frist abläuft; dann wird der Datensatz vollständig gelöscht.<br/><br/>
                        <strong>Standard: 2190 Tage (6 Jahre).</strong> Entspricht der längsten Aufbewahrungspflicht für Geschäftsunterlagen in EU-Mitgliedstaaten (typischerweise 6 Jahre für Buchhaltung / Umsatzsteuer). Muss ≥ PII-Aufbewahrung sein. Bereich: 2190–3650 Tage."
"Append-only audit log of all withdrawal lifecycle events (GDPR Art. 5(2) accountability). Personal data (IP, user agent, customer actor ID) is automatically nullified after the retention period. The audit log itself stays — only PII is wiped.","Append-only Audit-Log aller Widerruf-Lifecycle-Ereignisse (DSGVO Art. 5(2) Rechenschaftspflicht). Personenbezogene Daten (IP, User-Agent, Kunden-Akteur-ID) werden nach Ablauf der Aufbewahrungsfrist automatisch auf NULL gesetzt. Das Audit-Log selbst bleibt — nur die PII wird gelöscht."
