"View Credit Memo","View Credit Memo"
"Issue Credit Memo","Issue Credit Memo"
"Approve","Approve"
"Approve this withdrawal request?","Approve this withdrawal request?"
"Deny","Deny"
"Legal reason for denial (min 10 chars):","Legal reason for denial (min 10 chars):"
"Cancel Request","Cancel Request"
"Cancel this withdrawal? Add an optional note for the customer (visible in their cancellation email):","Cancel this withdrawal? Add an optional note for the customer (visible in their cancellation email):"
"Resend Receipt","Resend Receipt"
"Send the receipt email again? The customer will receive another copy.","Send the receipt email again? The customer will receive another copy."
"Withdrawal Request #%1","Withdrawal Request #%1"
"Request Details","Request Details"
"Information","Information"
"Reason for Denial","Reason for Denial"
"Customer Cancellation Note","Customer Cancellation Note"
"Cancellation Note","Cancellation Note"
"Status-Change Note","Status-Change Note"
"Code","Code"
"Label","Label"
"Add Reason","Add Reason"
"In progress","In progress"
"Refund issued","Refund issued"
"Denied","Denied"
"Cancelled","Cancelled"
"Pending","Pending"
"This is a transactional email about your order.","This is a transactional email about your order."
"Reason for denial","Reason for denial"
"Your cancellation note","Your cancellation note"
"Note from our team","Note from our team"
"EU right of withdrawal","EU right of withdrawal"
"Withdrawal right pending delivery","Withdrawal right pending delivery"
"Withdrawal window has ended","Withdrawal window has ended"
"Not eligible for withdrawal","Not eligible for withdrawal"
"Withdrawal already requested","Withdrawal already requested"
"You can withdraw from this contract any time — the 14-day deadline begins counting once the order is delivered.","You can withdraw from this contract any time — the 14-day deadline begins counting once the order is delivered."
"Your 14-day withdrawal window will begin once this order is delivered.","Your 14-day withdrawal window will begin once this order is delivered."
"The 14-day window for withdrawing from this contract has ended.","The 14-day window for withdrawing from this contract has ended."
"This order is not eligible for withdrawal under EU consumer law (Art. 16 Directive 2011/83/EU).","This order is not eligible for withdrawal under EU consumer law (Art. 16 Directive 2011/83/EU)."
"A withdrawal request for this order has been submitted. See the request details below.","A withdrawal request for this order has been submitted. See the request details below."
"This order contains a perishable item that cannot be returned (food with short shelf life, fresh flowers, etc.).","This order contains a perishable item that cannot be returned (food with short shelf life, fresh flowers, etc.)."
"This order contains a custom-made or personalised item that cannot be returned.","This order contains a custom-made or personalised item that cannot be returned."
"This order contains a sealed hygiene item. You keep the right of withdrawal only while the seal stays intact — once unsealed after delivery, the right is lost.","This order contains a sealed hygiene item. You keep the right of withdrawal only while the seal stays intact — once unsealed after delivery, the right is lost."
"This order contains a sealed audio / video / software item. You keep the right of withdrawal only while the seal stays intact — once unsealed after delivery, the right is lost.","This order contains a sealed audio / video / software item. You keep the right of withdrawal only while the seal stays intact — once unsealed after delivery, the right is lost."
"This order contains digital content. Once you start using or downloading the content, you lose the right of withdrawal (you consented to this at checkout).","This order contains digital content. Once you start using or downloading the content, you lose the right of withdrawal (you consented to this at checkout)."
"%1 item(s) · Refund %2","%1 item(s) · Refund %2"
"Awaiting confirmation","Awaiting confirmation"
"Cancel withdrawal %1? Your refund will not be processed.","Cancel withdrawal %1? Your refund will not be processed."
"Submitted","Submitted"
"Approved","Approved"
"Fully returned","Fully returned"
"Return requested","Return requested"
"Not eligible","Not eligible"
"Partially requested","Partially requested"
"— Select a reason —","— Select a reason —"
"Other","Other"
"The refund will be issued using your original payment method within 5-7 business days after we receive your return.","The refund will be issued using your original payment method within 5-7 business days after we receive your return."
"Withdrawal right lost (Art. 16(m) CRD) — digital performance started on %1.","Withdrawal right lost (Art. 16(m) CRD) — digital performance started on %1."
"Request #%1 not found.","Request #%1 not found."
"Receipt email re-queued for request #%1. Delivery will retry asynchronously.","Receipt email re-queued for request #%1. Delivery will retry asynchronously."
"Failed to queue receipt resend: %1","Failed to queue receipt resend: %1"
"Note text is empty.","Note text is empty."
"Note added to request #%1.","Note added to request #%1."
"Request #%1 approved.","Request #%1 approved."
"Request #%1 cancelled.","Request #%1 cancelled."
"Request #%1 denied.","Request #%1 denied."
"Invalid request id.","Invalid request id."
"Unable to open temporary file for CSV export.","Unable to open temporary file for CSV export."
"Withdrawal Requests","Withdrawal Requests"
"%1 requests queued for acceptance.","%1 requests queued for acceptance."
"%1 request(s) approved.","%1 request(s) approved."
"%1 request(s) failed. First errors: %2","%1 request(s) failed. First errors: %2"
"Note added to %1 request(s).","Note added to %1 request(s)."
"Underlying order #%1 not found.","Underlying order #%1 not found."
"Order #%1 has no invoice yet — Magento requires an invoice before a credit memo can be created. Open an invoice first (Sales → Orders → #%1 → Invoice button), then return here to refund.","Order #%1 has no invoice yet — Magento requires an invoice before a credit memo can be created. Open an invoice first (Sales → Orders → #%1 → Invoice button), then return here to refund."
"No items recorded on this withdrawal request — the credit memo will open with default invoice qtys; please adjust manually.","No items recorded on this withdrawal request — the credit memo will open with default invoice qtys; please adjust manually."
"Pre-filled credit memo for withdrawal #%1 — review the qtys + shipping refund below, then click Refund Online or Refund Offline.","Pre-filled credit memo for withdrawal #%1 — review the qtys + shipping refund below, then click Refund Online or Refund Offline."
"Some items are no longer eligible. Please reload and try again.","Some items are no longer eligible. Please reload and try again."
"We could not process your request. Please try again.","We could not process your request. Please try again."
"Item","Item"
"We could not find a matching order for that email.","We could not find a matching order for that email."
"Withdraw from a contract","Withdraw from a contract"
"Withdrawal not found.","Withdrawal not found."
"This withdrawal can no longer be cancelled online. Contact us if you need help.","This withdrawal can no longer be cancelled online. Contact us if you need help."
"Withdrawal #%1 cancelled.","Withdrawal #%1 cancelled."
"Please fill in all required fields.","Please fill in all required fields."
"%1 item(s) were excluded from the withdrawal because the seal is broken (Art. 16(e)/(i) Directive 2011/83/EU).","%1 item(s) were excluded from the withdrawal because the seal is broken (Art. 16(e)/(i) Directive 2011/83/EU)."
"Please select at least one item to withdraw.","Please select at least one item to withdraw."
"One or more items are no longer available for withdrawal. Please refresh and try again.","One or more items are no longer available for withdrawal. Please refresh and try again."
"None of the selected items are eligible for withdrawal.","None of the selected items are eligible for withdrawal."
"Hash mismatch for quote item %1","Hash mismatch for quote item %1"
"Requested qty %1 exceeds remaining %2 for order item %3","Requested qty %1 exceeds remaining %2 for order item %3"
"No delivery confirmation recorded for this order yet.","No delivery confirmation recorded for this order yet."
"No eligible items selected for withdrawal","No eligible items selected for withdrawal"
"Physical goods","Physical goods"
"Digital content (non-tangible)","Digital content (non-tangible)"
"Digital service (SaaS / subscription)","Digital service (SaaS / subscription)"
"Financial services (Enterprise tier)","Financial services (Enterprise tier)"
"Downloadable products","Downloadable products"
"Virtual products","Virtual products"
"Bundles containing digital children","Bundles containing digital children"
"Custom attribute flag","Custom attribute flag"
"locale_inheritance.xml missing at %1","locale_inheritance.xml missing at %1"
"locale_inheritance.xml unreadable at %1","locale_inheritance.xml unreadable at %1"
"locale_inheritance.xml failed XSD validation: %1","locale_inheritance.xml failed XSD validation: %1"
"Original payment method","Original payment method"
"This is your durable-medium receipt for the withdrawal (Art. 11a(4) Directive 2011/83/EU).","This is your durable-medium receipt for the withdrawal (Art. 11a(4) Directive 2011/83/EU)."
"This email is a notification about your withdrawal request.","This email is a notification about your withdrawal request."
"5–7 business days","5–7 business days"
"This is a confirmation that your withdrawal request has been recorded.","This is a confirmation that your withdrawal request has been recorded."
"MageMe EU Withdrawal is installed but not enabled. Review the compliance checklist and configure the module before enabling: <a href=""%1"">Stores → Configuration → MageMe Extensions → EU Withdrawal</a>.","MageMe EU Withdrawal is installed but not enabled. Review the compliance checklist and configure the module before enabling: <a href=""%1"">Stores → Configuration → MageMe Extensions → EU Withdrawal</a>."
"Delivery confirmation status is not configured. Set Stores → Configuration → MageMe Extensions → EU Withdrawal → Withdrawal Period → Delivery Confirmation Statuses.","Delivery confirmation status is not configured. Set Stores → Configuration → MageMe Extensions → EU Withdrawal → Withdrawal Period → Delivery Confirmation Statuses."
"No Annex I source found for locale %1 along chain %2","No Annex I source found for locale %1 along chain %2"
"Annex I source for locale %1 is malformed","Annex I source for locale %1 is malformed"
"Missing merchant variables for Annex I rendering: %1","Missing merchant variables for Annex I rendering: %1"
"Receipt hash mismatch for request %1","Receipt hash mismatch for request %1"
"Request %1 not found.","Request %1 not found."
"Denying a withdrawal request requires a legal basis of at least 10 characters.","Denying a withdrawal request requires a legal basis of at least 10 characters."
"Withdrawal request cannot transition from ""%1"" to ""%2"".","Withdrawal request cannot transition from ""%1"" to ""%2""."
"Request %1 is not in pending_confirm state.","Request %1 is not in pending_confirm state."
"Withdrawal request #%1 does not exist.","Withdrawal request #%1 does not exist."
"No digital items on order %1","No digital items on order %1"
"This is your durable-medium copy of the waiver you signed at checkout (Art. 11a(4) Directive 2011/83/EU).","This is your durable-medium copy of the waiver you signed at checkout (Art. 11a(4) Directive 2011/83/EU)."
"Waived","Waived"
"Waiver email render failed: %1","Waiver email render failed: %1"
"Right of Withdrawal — Required Information","Right of Withdrawal — Required Information"
"Before placing your order, please review the conditions, time limit, and procedures for exercising your 14-day right of withdrawal. This information forms part of your contract.","Before placing your order, please review the conditions, time limit, and procedures for exercising your 14-day right of withdrawal. This information forms part of your contract."
"Start Online Return","Start Online Return"
"Download Model Withdrawal Form (Annex I(B))","Download Model Withdrawal Form (Annex I(B))"
"Digital content waiver text has changed — please reload checkout.","Digital content waiver text has changed — please reload checkout."
"Digital content waiver is incomplete for item %1.","Digital content waiver is incomplete for item %1."
"bad","bad"
"smtp down","smtp down"
"smtp","smtp"
"down","down"
"No shipment found for order 42.","No shipment found for order 42."
"View","View"
"Withdrawal & Customer Information","Withdrawal & Customer Information"
"Request # %1","Request # %1"
"Request Status","Request Status"
"Submitted At","Submitted At"
"Confirmed At","Confirmed At"
"Related Order","Related Order"
"Jurisdiction","Jurisdiction"
"Contract Type","Contract Type"
"Receipt Status","Receipt Status"
"%1 attempt(s)","%1 attempt(s)"
"Receipt Error","Receipt Error"
"Customer Information","Customer Information"
"Customer Name","Customer Name"
"Email","Email"
"Locale","Locale"
"Items Selected for Withdrawal","Items Selected for Withdrawal"
"Product","Product"
"Price","Price"
"Qty","Qty"
"Subtotal","Subtotal"
"Refund","Refund"
"Reason","Reason"
"Eligibility","Eligibility"
"No items associated with this request.","No items associated with this request."
"SKU","SKU"
"Ordered","Ordered"
"Withdrawing","Withdrawing"
"Refund Total","Refund Total"
"Notes for this Request","Notes for this Request"
"Internal notes — visible to admin staff only. Not sent to the customer.","Internal notes — visible to admin staff only. Not sent to the customer."
"Comment","Comment"
"Add internal note (max 2000 chars)","Add internal note (max 2000 chars)"
"Submit Comment","Submit Comment"
"No comments added yet.","No comments added yet."
" by %1"," by %1"
"Refund Totals","Refund Totals"
"Items Subtotal","Items Subtotal"
"Shipping Refund","Shipping Refund"
"Total Refund","Total Refund"
"Changes have been made to this section that have not been saved.","Changes have been made to this section that have not been saved."
"This tab contains invalid data. Please resolve this before saving.","This tab contains invalid data. Please resolve this before saving."
"Contact us","Contact us"
"Returns","Returns"
"FAQs","FAQs"
"All rights reserved.","All rights reserved."
"Returned items","Returned items"
"No image","No image"
"Item status","Item status"
"Withdrawal options for this order","Withdrawal options for this order"
"You can return this order until %1.","You can return this order until %1."
"(Art. 11a Directive 2011/83/EU)","(Art. 11a Directive 2011/83/EU)"
"Submit a withdrawal request to start the refund process.","Submit a withdrawal request to start the refund process."
"(Art. 9(2)(b) Directive 2011/83/EU)","(Art. 9(2)(b) Directive 2011/83/EU)"
"Start withdrawal","Start withdrawal"
"Your withdrawal requests","Your withdrawal requests"
"Submitted %1","Submitted %1"
"Show items","Show items"
"Cancel withdrawal","Cancel withdrawal"
"Qty %1","Qty %1"
"Receipt details","Receipt details"
"Receipt number","Receipt number"
"Order number","Order number"
"Confirmed","Confirmed"
"Consumer","Consumer"
"Refund total","Refund total"
"Merchant","Merchant"
"Legal basis","Legal basis"
"SKU %1","SKU %1"
"Shipping refund","Shipping refund"
"Tax refund","Tax refund"
"Total refund","Total refund"
"Digital content — Art. 16(m) notice","Digital content — Art. 16(m) notice"
"By placing the order you agreed to begin performance of the digital content before the end of the withdrawal period and acknowledged that, once performance has begun, the right of withdrawal no longer applies. This notice is shown for your records.","By placing the order you agreed to begin performance of the digital content before the end of the withdrawal period and acknowledged that, once performance has begun, the right of withdrawal no longer applies. This notice is shown for your records."
"Existing withdrawals for this order","Existing withdrawals for this order"
"You can cancel a withdrawal here until it is approved.","You can cancel a withdrawal here until it is approved."
"Request #%1","Request #%1"
"SKU: %1","SKU: %1"
"Estimated refund: %1 %2","Estimated refund: %1 %2"
"Cancel this withdrawal","Cancel this withdrawal"
"Are you sure? This cannot be undone.","Are you sure? This cannot be undone."
"Yes, cancel","Yes, cancel"
"Keep it","Keep it"
"Order #","Order #"
"Qty: ","Qty: "
"Submission failed. Please try again.","Submission failed. Please try again."
"Network error. Please try again.","Network error. Please try again."
"Invalid server response.","Invalid server response."
"That order does not belong to your account. Please select one of your own orders.","That order does not belong to your account. Please select one of your own orders."
"Select items to return","Select items to return"
"Choose all items or only some of them. Set the return quantity for each item you want to withdraw.","Choose all items or only some of them. Set the return quantity for each item you want to withdraw."
"You have 14 days from the day you received your order to withdraw from the contract without giving a reason.","You have 14 days from the day you received your order to withdraw from the contract without giving a reason."
"Back to order search","Back to order search"
"Cancel","Cancel"
"Continue to review","Continue to review"
"Review and confirm","Review and confirm"
"Order #%1","Order #%1"
"Placed on %1","Placed on %1"
"Awaiting delivery","Awaiting delivery"
"Delivered on %1","Delivered on %1"
"Total","Total"
"Return shipping","Return shipping"
"View return policy","View return policy"
"Refund method","Refund method"
"Refund will be issued to your original payment method.","Refund will be issued to your original payment method."
"Return summary","Return summary"
"Shipping & Handling","Shipping & Handling"
"Tax","Tax"
"Back to items","Back to items"
"Submit return request","Submit return request"
"Your return request has been submitted!","Your return request has been submitted!"
"We've emailed you a notification with your return details and a prepaid return label (if applicable). You have 14 days from the delivery date to send your items back.","We've emailed you a notification with your return details and a prepaid return label (if applicable). You have 14 days from the delivery date to send your items back."
"Return request number","Return request number"
"Copy request number","Copy request number"
"Copied!","Copied!"
"Confirmation email sent","Confirmation email sent"
"We've sent the details to","We've sent the details to"
"What happens next?","What happens next?"
"Pack your items securely","Pack your items securely"
"Send them back using the provided instructions","Send them back using the provided instructions"
"We'll inspect your return","We'll inspect your return"
"Your refund will be issued to your original payment method","Your refund will be issued to your original payment method"
"Need more help?","Need more help?"
"View my returns","View my returns"
"Contact support","Contact support"
"Purchased","Purchased"
"Returned","Returned"
"Decrease quantity","Decrease quantity"
"Increase quantity","Increase quantity"
"Has the hygiene seal been broken after delivery?","Has the hygiene seal been broken after delivery?"
"Has the original software / media seal been broken after delivery?","Has the original software / media seal been broken after delivery?"
"No, the seal is intact","No, the seal is intact"
"Refund possible — return the unopened package.","Refund possible — return the unopened package."
"Yes, the seal is broken","Yes, the seal is broken"
"This item cannot be returned (Art. 16(e) Directive 2011/83/EU).","This item cannot be returned (Art. 16(e) Directive 2011/83/EU)."
"This item cannot be returned (Art. 16(i) Directive 2011/83/EU).","This item cannot be returned (Art. 16(i) Directive 2011/83/EU)."
"Once you confirm the seal is broken, this item is excluded from the withdrawal request and the quantity will be reset to zero.","Once you confirm the seal is broken, this item is excluded from the withdrawal request and the quantity will be reset to zero."
"Reason for return (optional)","Reason for return (optional)"
"Tell us more (optional, max 500 chars)","Tell us more (optional, max 500 chars)"
"Already returned.","Already returned."
"awaiting admin review","awaiting admin review"
"awaiting confirmation","awaiting confirmation"
"Request %1 %2 (%3 item%4).","Request %1 %2 (%3 item%4)."
"Return request awaiting review.","Return request awaiting review."
"Cancel request","Cancel request"
"Under EU consumer law, you may withdraw from most contracts within 14 days without giving a reason.","Under EU consumer law, you may withdraw from most contracts within 14 days without giving a reason."
"Read your full pre-contract rights (Art. 6)","Read your full pre-contract rights (Art. 6)"
"Under Art. 6 of Directive 2011/83/EU (as amended by Directive (EU) 2023/2673), before you placed this order the seller informed you — or made available — the following information:","Under Art. 6 of Directive 2011/83/EU (as amended by Directive (EU) 2023/2673), before you placed this order the seller informed you — or made available — the following information:"
"The main characteristics of the goods or services.","The main characteristics of the goods or services."
"The identity and contact details of the trader.","The identity and contact details of the trader."
"The total price including all taxes and any delivery costs.","The total price including all taxes and any delivery costs."
"The arrangements for payment, delivery and performance, and complaint-handling.","The arrangements for payment, delivery and performance, and complaint-handling."
"Your right of withdrawal: under Art. 9 you have 14 days to withdraw from this distance contract without giving a reason. For physical goods, the 14-day period starts on the day you (or a third party nominated by you) take physical possession of the goods. For services and digital content, different starting dates apply (Art. 9(2)(a)/(c)).","Your right of withdrawal: under Art. 9 you have 14 days to withdraw from this distance contract without giving a reason. For physical goods, the 14-day period starts on the day you (or a third party nominated by you) take physical possession of the goods. For services and digital content, different starting dates apply (Art. 9(2)(a)/(c))."
"Exceptions: the right does not apply to certain goods and services listed in Art. 16 (e.g., custom-made goods, sealed hygiene items once unsealed, digital content whose performance has begun with your prior express consent and acknowledgement that you lose the withdrawal right).","Exceptions: the right does not apply to certain goods and services listed in Art. 16 (e.g., custom-made goods, sealed hygiene items once unsealed, digital content whose performance has begun with your prior express consent and acknowledgement that you lose the withdrawal right)."
"The legal guarantee of conformity for goods applies under Art. 5 of Directive 2019/771, in addition to the right of withdrawal.","The legal guarantee of conformity for goods applies under Art. 5 of Directive 2019/771, in addition to the right of withdrawal."
"Delivery: %1","Delivery: %1"
"Total paid","Total paid"
"Pick an order to withdraw from","Pick an order to withdraw from"
"Select a recent order to start your withdrawal.","Select a recent order to start your withdrawal."
"Select","Select"
"Withdrawal progress","Withdrawal progress"
"title","title"
"subtitle","subtitle"
"Items to return","Items to return"
"0 items","0 items"
"Refund summary","Refund summary"
"No items in this order are currently eligible for withdrawal.","No items in this order are currently eligible for withdrawal."
"Each line is either already being processed, pending confirmation, or has been fully withdrawn. Check the existing requests section above for status or to cancel.","Each line is either already being processed, pending confirmation, or has been fully withdrawn. Check the existing requests section above for status or to cancel."
"No items selected yet. Use the + button next to an item to add it to your return.","No items selected yet. Use the + button next to an item to add it to your return."
"Find your order","Find your order"
"Enter the details you used during checkout to start a return or withdrawal.","Enter the details you used during checkout to start a return or withdrawal."
"We could not find an order matching that email. Double-check your order number and email address.","We could not find an order matching that email. Double-check your order number and email address."
"e.g. 12345","e.g. 12345"
"You can find this in your order confirmation email.","You can find this in your order confirmation email."
"Email address","Email address"
"you@example.com","you@example.com"
"Must match the email used for the order.","Must match the email used for the order."
"Find my order","Find my order"
"You have the right to withdraw from your purchase within 14 days of receiving your order, without giving any reason.","You have the right to withdraw from your purchase within 14 days of receiving your order, without giving any reason."
"Need help finding your order?","Need help finding your order?"
"Select an order","Select an order"
"Choose an order from your history to start a return or withdrawal.","Choose an order from your history to start a return or withdrawal."
"You don't have any orders eligible for withdrawal. The 14-day withdrawal window runs from the day you received your order.","You don't have any orders eligible for withdrawal. The 14-day withdrawal window runs from the day you received your order."
"View all my orders","View all my orders"
"items","items"
"Select order","Select order"
"No recent withdrawal","No recent withdrawal"
"We could not find a recent withdrawal in this session. If you have just submitted one, please check your inbox for the confirmation email.","We could not find a recent withdrawal in this session. If you have just submitted one, please check your inbox for the confirmation email."
"Start a new withdrawal","Start a new withdrawal"
"Withdrawal #%1 submitted","Withdrawal #%1 submitted"
"Related order:","Related order:"
"Items","Items"
"Items included in this withdrawal","Items included in this withdrawal"
"Line Total","Line Total"
"What happens next","What happens next"
"You will receive a receipt email with the full withdrawal statement and integrity hash within a few minutes.","You will receive a receipt email with the full withdrawal statement and integrity hash within a few minutes."
"The 14-day window under Art. 9 CRD is locked to the moment you confirmed the withdrawal — nothing further is required from you to preserve the right.","The 14-day window under Art. 9 CRD is locked to the moment you confirmed the withdrawal — nothing further is required from you to preserve the right."
"The final refund is determined after we receive the returned items (Art. 14(2)) and is issued to the original payment method. Expect the funds within 14 days of receipt.","The final refund is determined after we receive the returned items (Art. 14(2)) and is issued to the original payment method. Expect the funds within 14 days of receipt."
"Back to Withdrawals","Back to Withdrawals"
"Verzichtsbestätigung digitaler Inhalte — Bestellung %increment_id","Verzichtsbestätigung digitaler Inhalte — Bestellung %increment_id"
"Sehr geehrte/r %name,","Sehr geehrte/r %name,"
"Dies ist die Bestätigung auf einem dauerhaften Datenträger Ihrer ausdrücklichen Einwilligung zum Beginn der Ausführung folgender digitaler Inhalte sowie Ihrer Bestätigung, dass Sie dadurch Ihr Widerrufsrecht verlieren (Art. 16(m) VRL).","Dies ist die Bestätigung auf einem dauerhaften Datenträger Ihrer ausdrücklichen Einwilligung zum Beginn der Ausführung folgender digitaler Inhalte sowie Ihrer Bestätigung, dass Sie dadurch Ihr Widerrufsrecht verlieren (Art. 16(m) VRL)."
"Durch den Verzicht abgedeckte digitale Inhalte","Durch den Verzicht abgedeckte digitale Inhalte"
"Ihre ausdrückliche Einwilligung","Ihre ausdrückliche Einwilligung"
"Eingewilligt am:","Eingewilligt am:"
"Ihre Bestätigung zum Verlust des Widerrufsrechts","Ihre Bestätigung zum Verlust des Widerrufsrechts"
"Bestätigt am:","Bestätigt am:"
"Verzichtsreferenz:","Verzichtsreferenz:"
"Rechtsgrundlage: Art. 16(m) Verbraucherrechterichtlinie 2011/83/EU.","Rechtsgrundlage: Art. 16(m) Verbraucherrechterichtlinie 2011/83/EU."
"Digital content waiver confirmation — Order %1","Digital content waiver confirmation — Order %1"
"Dear %name,","Dear %name,"
"This is the durable-medium confirmation of your express consent to begin performance of the following digital items, and your acknowledgment that by doing so you lose your right of withdrawal (Art. 16(m) CRD).","This is the durable-medium confirmation of your express consent to begin performance of the following digital items, and your acknowledgment that by doing so you lose your right of withdrawal (Art. 16(m) CRD)."
"Digital items covered by this waiver","Digital items covered by this waiver"
"Your express consent","Your express consent"
"Consented at:","Consented at:"
"Your acknowledgment of loss of withdrawal right","Your acknowledgment of loss of withdrawal right"
"Acknowledged at:","Acknowledged at:"
"Waiver reference:","Waiver reference:"
"Legal basis: Art. 16(m) Consumer Rights Directive 2011/83/EU.","Legal basis: Art. 16(m) Consumer Rights Directive 2011/83/EU."
"Digitaalisen sisällön luopumisvahvistus — Tilaus %increment_id","Digitaalisen sisällön luopumisvahvistus — Tilaus %increment_id"
"Hyvä %name,","Hyvä %name,"
"Tämä on pysyvällä tietovälineellä annettu vahvistus nimenomaisesta suostumuksestasi aloittaa seuraavien digitaalisten sisältöjen toimitus sekä vahvistuksestasi, että menetät peruuttamisoikeutesi (KSL 6:16).","Tämä on pysyvällä tietovälineellä annettu vahvistus nimenomaisesta suostumuksestasi aloittaa seuraavien digitaalisten sisältöjen toimitus sekä vahvistuksestasi, että menetät peruuttamisoikeutesi (KSL 6:16)."
"Luopumisen kattamat digitaaliset sisällöt","Luopumisen kattamat digitaaliset sisällöt"
"Nimenomainen suostumuksesi","Nimenomainen suostumuksesi"
"Suostuttu:","Suostuttu:"
"Vahvistuksesi peruuttamisoikeuden menettämisestä","Vahvistuksesi peruuttamisoikeuden menettämisestä"
"Vahvistettu:","Vahvistettu:"
"Luopumisen viite:","Luopumisen viite:"
"Oikeusperusta: KSL 6:16 / Art. 16(m) kuluttajanoikeusdirektiivi 2011/83/EU.","Oikeusperusta: KSL 6:16 / Art. 16(m) kuluttajanoikeusdirektiivi 2011/83/EU."
"Confirmation de renonciation au contenu numérique — Commande %increment_id","Confirmation de renonciation au contenu numérique — Commande %increment_id"
"Cher/Chère %name,","Cher/Chère %name,"
"Ceci est la confirmation sur un support durable de votre consentement exprès à commencer l'exécution des contenus numériques suivants, et de votre reconnaissance que vous perdez ainsi votre droit de rétractation (Art. L. 221-28 Code consommation).","Ceci est la confirmation sur un support durable de votre consentement exprès à commencer l'exécution des contenus numériques suivants, et de votre reconnaissance que vous perdez ainsi votre droit de rétractation (Art. L. 221-28 Code consommation)."
"Contenus numériques couverts par la présente renonciation","Contenus numériques couverts par la présente renonciation"
"Votre consentement exprès","Votre consentement exprès"
"Consenti le :","Consenti le :"
"Votre reconnaissance de la perte du droit de rétractation","Votre reconnaissance de la perte du droit de rétractation"
"Reconnu le :","Reconnu le :"
"Référence de renonciation :","Référence de renonciation :"
"Base légale : Art. L. 221-28 Code consommation / Art. 16(m) Directive 2011/83/UE.","Base légale : Art. L. 221-28 Code consommation / Art. 16(m) Directive 2011/83/UE."
"Bevestiging afstand digitale inhoud — Bestelling %increment_id","Bevestiging afstand digitale inhoud — Bestelling %increment_id"
"Beste %name,","Beste %name,"
"Dit is de bevestiging op een duurzame gegevensdrager van uw uitdrukkelijke toestemming om te beginnen met de levering van de volgende digitale inhoud, en uw erkenning dat u daardoor uw herroepingsrecht verliest (Art. 6:230s BW).","Dit is de bevestiging op een duurzame gegevensdrager van uw uitdrukkelijke toestemming om te beginnen met de levering van de volgende digitale inhoud, en uw erkenning dat u daardoor uw herroepingsrecht verliest (Art. 6:230s BW)."
"Onder deze afstand vallende digitale items","Onder deze afstand vallende digitale items"
"Uw uitdrukkelijke toestemming","Uw uitdrukkelijke toestemming"
"Toestemming verleend op:","Toestemming verleend op:"
"Uw erkenning van verlies van herroepingsrecht","Uw erkenning van verlies van herroepingsrecht"
"Erkend op:","Erkend op:"
"Afstandreferentie:","Afstandreferentie:"
"Rechtsgrondslag: Art. 6:230s BW / Art. 16(m) Richtlijn 2011/83/EU.","Rechtsgrondslag: Art. 6:230s BW / Art. 16(m) Richtlijn 2011/83/EU."
"[EU Withdrawal] Receipt send failed — request #%request_id","[EU Withdrawal] Receipt send failed — request #%request_id"
"The receipt email for withdrawal request #%request_id has failed to send permanently.","The receipt email for withdrawal request #%request_id has failed to send permanently."
"Inspect the <code>mm_eu_withdrawal_request.receipt_last_error</code> column for the last error message, and the <code>mm_eu_withdrawal_request.receipt_send_attempts</code> column for the retry count.","Inspect the <code>mm_eu_withdrawal_request.receipt_last_error</code> column for the last error message, and the <code>mm_eu_withdrawal_request.receipt_send_attempts</code> column for the retry count."
"You can requeue the send from the admin grid after resolving the underlying issue.","You can requeue the send from the admin grid after resolving the underlying issue."
"Your refund is on its way — Withdrawal #%1","Your refund is on its way — Withdrawal #%1"
"Your refund is on its way","Your refund is on its way"
"Hi %name, we've approved your withdrawal request and started the refund process.","Hi %name, we've approved your withdrawal request and started the refund process."
"View refund details","View refund details"
"Withdrawal number","Withdrawal number"
"Approved on","Approved on"
"Estimated arrival","Estimated arrival"
"Status","Status"
"Your refund will be issued to your original payment method within 5–7 business days. You'll see it on your card or bank statement once it lands.","Your refund will be issued to your original payment method within 5–7 business days. You'll see it on your card or bank statement once it lands."
"Need help?","Need help?"
"Reply to this email or contact us at","Reply to this email or contact us at"
"Your withdrawal was cancelled — Withdrawal #%1","Your withdrawal was cancelled — Withdrawal #%1"
"Your withdrawal was cancelled","Your withdrawal was cancelled"
"Hi %name, we've cancelled your withdrawal request.","Hi %name, we've cancelled your withdrawal request."
"Submit a new request","Submit a new request"
"Cancelled request","Cancelled request"
"Cancelled on","Cancelled on"
"Refund requested","Refund requested"
"If this was unexpected, you can submit a new withdrawal request as long as your 14-day window is still open. Reach out if you need help — we're happy to clarify.","If this was unexpected, you can submit a new withdrawal request as long as your 14-day window is still open. Reach out if you need help — we're happy to clarify."
"Cancellation confirmed — Withdrawal #%1","Cancellation confirmed — Withdrawal #%1"
"Cancellation confirmed","Cancellation confirmed"
"Hi %name, your withdrawal request has been cancelled as you asked.","Hi %name, your withdrawal request has been cancelled as you asked."
"Back to my orders","Back to my orders"
"Cancelled by","Cancelled by"
"You","You"
"Your order remains active and there's no further action needed. If you change your mind, you can start a new withdrawal request any time within your 14-day window.","Your order remains active and there's no further action needed. If you change your mind, you can start a new withdrawal request any time within your 14-day window."
"Update on your withdrawal request — Withdrawal #%1","Update on your withdrawal request — Withdrawal #%1"
"We can't process this withdrawal","We can't process this withdrawal"
"Hi %name, after reviewing your withdrawal request we're unable to approve it.","Hi %name, after reviewing your withdrawal request we're unable to approve it."
"Request details","Request details"
"Reviewed on","Reviewed on"
"Decision","Decision"
"Reason from our team","Reason from our team"
"If you'd like to discuss this decision, our team is here to help. Reply to this email or use the button above.","If you'd like to discuss this decision, our team is here to help. Reply to this email or use the button above."
"Your withdrawal request has been submitted — Order #%1","Your withdrawal request has been submitted — Order #%1"
"Your return request has been submitted","Your return request has been submitted"
"Hi %name, we've received your return request and are currently reviewing it. You'll hear back when we've inspected your return and processed your refund.","Hi %name, we've received your return request and are currently reviewing it. You'll hear back when we've inspected your return and processed your refund."
"Return number","Return number"
"Requested on","Requested on"
"We'll inspect your return and notify you once approved. Refunds are issued to your original payment method within 5–7 business days after approval.","We'll inspect your return and notify you once approved. Refunds are issued to your original payment method within 5–7 business days after approval."
"If you have any questions, our customer service team is here to help.","If you have any questions, our customer service team is here to help."
"Visit our help center","Visit our help center"
"If you did not initiate this request, contact us immediately at","If you did not initiate this request, contact us immediately at"
"Withdrawal receipt — Order #%1","Withdrawal receipt — Order #%1"
"Withdrawal receipt","Withdrawal receipt"
"Hi %name, this email is your durable-medium proof of withdrawal under Art. 11a Directive 2011/83/EU. Keep it for your records.","Hi %name, this email is your durable-medium proof of withdrawal under Art. 11a Directive 2011/83/EU. Keep it for your records."
"Submitted on","Submitted on"
"Your %store_name order confirmation","Your %store_name order confirmation"
"%customer_name,","%customer_name,"
"Thank you for your order from %store_name.","Thank you for your order from %store_name."
"Once your package ships we will send you a tracking number.","Once your package ships we will send you a tracking number."
"You can check the status of your order by <a href=""%account_url"">logging into your account</a>.","You can check the status of your order by <a href=""%account_url"">logging into your account</a>."
"If you have questions about your order, you can email us at <a href=""mailto:%store_email"">%store_email</a>","If you have questions about your order, you can email us at <a href=""mailto:%store_email"">%store_email</a>"
"or call us at <a href=""tel:%store_phone"">%store_phone</a>","or call us at <a href=""tel:%store_phone"">%store_phone</a>"
"Our hours are <span class=""no-link"">%store_hours</span>.","Our hours are <span class=""no-link"">%store_hours</span>."
"Your Order <span class=""no-link"">#%increment_id</span>","Your Order <span class=""no-link"">#%increment_id</span>"
"Placed on <span class=""no-link"">%created_at</span>","Placed on <span class=""no-link"">%created_at</span>"
"Billing Info","Billing Info"
"Shipping Info","Shipping Info"
"Payment Method","Payment Method"
"Shipping Method","Shipping Method"
"%name,","%name,"
"Once your package ships we will send an email with a link to track your order.","Once your package ships we will send an email with a link to track your order."
"Your %store_name order has shipped","Your %store_name order has shipped"
"Your shipping confirmation is below. Thank you again for your business.","Your shipping confirmation is below. Thank you again for your business."
"Your Shipment #%shipment_id for Order #%order_id","Your Shipment #%shipment_id for Order #%order_id"
"Your digital content waiver is on file","Your digital content waiver is on file"
"Hi %name, you've consented to immediate digital delivery of the items below — this is your durable-medium copy of that consent (Art. 11a(4) CRD).","Hi %name, you've consented to immediate digital delivery of the items below — this is your durable-medium copy of that consent (Art. 11a(4) CRD)."
"View order","View order"
"Consented at","Consented at"
"Acknowledged at","Acknowledged at"
"Keep this email as your durable-medium record. The merchant has stored the SHA-256 hash of the legal text you accepted:","Keep this email as your durable-medium record. The merchant has stored the SHA-256 hash of the legal text you accepted:"
"Digital content waiver","Digital content waiver"
"We need your explicit consent before you can buy this digital item — please read both points carefully.","We need your explicit consent before you can buy this digital item — please read both points carefully."
"We log this consent with your IP and timestamp for our audit record.","We log this consent with your IP and timestamp for our audit record."
"Continue","Continue"
"Waiver could not be saved. Please retry.","Waiver could not be saved. Please retry."
"Enable for EU Withdrawal Lookup Form","Enable for EU Withdrawal Lookup Form"
"MageMe Extensions","MageMe Extensions"
"EU Withdrawal","EU Withdrawal"
"General","General"
"Enable Module","Enable Module"
"Activates frontend and cron jobs. Default: disabled. Complete the manual setup checklist before enabling.","Activates frontend and cron jobs. Default: disabled. Complete the manual setup checklist before enabling."
"Request Number Prefix","Request Number Prefix"
"Optional prefix prepended to the withdrawal request increment ID in customer-facing UI (e.g. ""RR-"" renders as ""RR-000000022""). Leave blank to show the plain padded number.","Optional prefix prepended to the withdrawal request increment ID in customer-facing UI (e.g. ""RR-"" renders as ""RR-000000022""). Leave blank to show the plain padded number."
"Default Contract Type","Default Contract Type"
"Frontend Route","Frontend Route"
"URL prefix used by the customer-facing withdrawal flow (e.g. <code>withdraw-contract</code> renders as <code>/withdraw-contract/...</code>). Lowercase letters, digits, dashes and underscores only.","URL prefix used by the customer-facing withdrawal flow (e.g. <code>withdraw-contract</code> renders as <code>/withdraw-contract/...</code>)."
"Withdrawal Period","Withdrawal Period"
"Delivery Confirmation Statuses","Delivery Confirmation Statuses"
"Pick one or more order statuses whose <em>transition</em> means the customer received the goods in your fulfillment workflow. The 14-day withdrawal window starts on the timestamp of the order's <em>earliest</em> transition into <em>any</em> of the selected statuses (Art. 9(2)(b) Directive 2011/83/EU). Multi-select supports merchants who use several ""delivered""-type statuses (e.g. <code>delivered</code> + <code>complete</code> + <code>delivered_partial</code>). Until the order reaches any of them, the right of withdrawal is open with no fixed deadline.","Pick one or more order statuses whose <em>transition</em> means the customer received the goods in your fulfillment workflow. The 14-day withdrawal window starts on the timestamp of the order's <em>earliest</em> transition into <em>any</em> of the selected statuses (Art. 9(2)(b) Directive 2011/83/EU). Multi-select supports merchants who use several ""delivered""-type statuses (e.g. <code>delivered</code> + <code>complete</code> + <code>delivered_partial</code>). Until the order reaches any of them, the right of withdrawal is open with no fixed deadline."
"Eligibility Rules (Art. 16 CRD Presets)","Eligibility Rules (Art. 16 CRD Presets)"
"Art. 16(c) Custom-Made Goods","Art. 16(c) Custom-Made Goods"
"Excludes products made to customer specifications or clearly personalised (e.g. engraved jewellery, made-to-measure clothing). <strong>Requires</strong> product attribute <code>is_custom_made = true</code>. If enabled, orders containing such items cannot be withdrawn — customers will see this when attempting to start withdrawal.","Excludes products made to customer specifications or clearly personalised (e.g. engraved jewellery, made-to-measure clothing). <strong>Requires</strong> product attribute <code>is_custom_made = true</code>. If enabled, orders containing such items cannot be withdrawn — customers will see this when attempting to start withdrawal."
"Art. 16(d) Perishable Goods","Art. 16(d) Perishable Goods"
"Excludes goods that can deteriorate or expire rapidly (fresh food, cut flowers, short-shelf-life pharmaceuticals). <strong>Requires</strong> product attribute <code>is_perishable = true</code>. Do not enable for all categories — apply it only to truly perishable SKUs, otherwise you will unlawfully deny valid withdrawals.","Excludes goods that can deteriorate or expire rapidly (fresh food, cut flowers, short-shelf-life pharmaceuticals). <strong>Requires</strong> product attribute <code>is_perishable = true</code>. Do not enable for all categories — apply it only to truly perishable SKUs, otherwise you will unlawfully deny valid withdrawals."
"Art. 16(e) Sealed Hygiene / Health","Art. 16(e) Sealed Hygiene / Health"
"Excludes sealed hygiene or health items <strong>only if the seal has been broken after delivery</strong> (cosmetics, intimate apparel, sealed medical supplies). <strong>Requires</strong> product attribute <code>is_sealed_hygiene = true</code>. The exclusion depends on a seal-check at the time of withdrawal (workflow in phase-04) — a sealed, unopened return remains eligible.","Excludes sealed hygiene or health items <strong>only if the seal has been broken after delivery</strong> (cosmetics, intimate apparel, sealed medical supplies). <strong>Requires</strong> product attribute <code>is_sealed_hygiene = true</code>. The exclusion depends on a seal-check at the time of withdrawal (workflow in phase-04) — a sealed, unopened return remains eligible."
"Art. 16(i) Sealed Audio / Video / Software","Art. 16(i) Sealed Audio / Video / Software"
"Excludes sealed audio recordings, video recordings, or sealed computer software <strong>only if the seal has been broken after delivery</strong>. <strong>Requires</strong> product attribute <code>is_sealed_av = true</code>. Same seal-check logic as Art. 16(e). Does not apply to streaming / digital-download content — use Art. 16(m) for those.","Excludes sealed audio recordings, video recordings, or sealed computer software <strong>only if the seal has been broken after delivery</strong>. <strong>Requires</strong> product attribute <code>is_sealed_av = true</code>. Same seal-check logic as Art. 16(e). Does not apply to streaming / digital-download content — use Art. 16(m) for those."
"Digital Content (Art. 16(m))","Digital Content (Art. 16(m))"
"Detection","Detection"
"Enable Digital Content Detection","Enable Digital Content Detection"
"Master switch for Art. 16(m) digital-content detection. When off, no product is recognised as digital, the checkout waiver step is not required, and the preset always allows withdrawal.","Master switch for Art. 16(m) digital-content detection. When off, no product is recognised as digital, the checkout waiver step is not required, and the preset always allows withdrawal."
"Detection Strategies","Detection Strategies"
"Which product-type heuristics trigger the digital-content waiver gate. Downloadable + virtual are safe defaults; bundle_contains_digital inspects bundle children; custom_attribute reads the EAV flag configured below.","Which product-type heuristics trigger the digital-content waiver gate. Downloadable + virtual are safe defaults; bundle_contains_digital inspects bundle children; custom_attribute reads the EAV flag configured below."
"Custom Attribute Code","Custom Attribute Code"
"EAV attribute code used <strong>only</strong> when <em>Custom attribute flag</em> is picked in <em>Detection strategies</em> above. Default: <code>is_digital_content</code> (boolean attribute, 1 = digital). Ignored otherwise.","EAV attribute code used <strong>only</strong> when <em>Custom attribute flag</em> is picked in <em>Detection strategies</em> above. Default: <code>is_digital_content</code> (boolean attribute, 1 = digital). Ignored otherwise."
"Checkout Step + Email","Checkout Step + Email"
"Enable Checkout Waiver Step","Enable Checkout Waiver Step"
"When on, carts that contain a detected digital item render the 2-checkbox waiver step at checkout. Has no effect unless <em>Detection → Enable digital content detection</em> is also on.","When on, carts that contain a detected digital item render the 2-checkbox waiver step at checkout. Has no effect unless <em>Detection → Enable digital content detection</em> is also on."
"Merchant BCC Address for Confirmation Emails","Merchant BCC Address for Confirmation Emails"
"Optional. Blind-copies the waiver-confirmation email to a merchant audit address. Leave blank to skip.","Optional. Blind-copies the waiver-confirmation email to a merchant audit address. Leave blank to skip."
"Mark Virtual-Only Items as Performance-Started on Confirmation","Mark Virtual-Only Items as Performance-Started on Confirmation"
"Virtual products have no download trigger. When on, the waiver confirmation email's dispatch counts as performance-start for virtual-only items.","Virtual products have no download trigger. When on, the waiver confirmation email's dispatch counts as performance-start for virtual-only items ."
"Confirmation Email Identity","Confirmation Email Identity"
"Per-Locale Waiver Text Overrides","Per-Locale Waiver Text Overrides"
"English (en_US)","English (en_US)"
"Consent Text","Consent Text"
"Right-Loss Acknowledgment Text","Right-Loss Acknowledgment Text"
"German (de_DE)","German (de_DE)"
"Finnish (fi_FI)","Finnish (fi_FI)"
"Dutch (nl_NL)","Dutch (nl_NL)"
"French (fr_FR)","French (fr_FR)"
"Italian (it_IT)","Italian (it_IT)"
"Spanish (es_ES)","Spanish (es_ES)"
"Polish (pl_PL)","Polish (pl_PL)"
"Portuguese (pt_PT)","Portuguese (pt_PT)"
"Danish (da_DK)","Danish (da_DK)"
"Swedish (sv_SE)","Swedish (sv_SE)"
"German — Austria (de_AT)","German — Austria (de_AT)"
"Swedish — Finland (sv_FI)","Swedish — Finland (sv_FI)"
"Dutch — Belgium (nl_BE)","Dutch — Belgium (nl_BE)"
"French — Belgium (fr_BE)","French — Belgium (fr_BE)"
"German — Belgium (de_BE)","German — Belgium (de_BE)"
"French — Luxembourg (fr_LU)","French — Luxembourg (fr_LU)"
"Pre-Contract Information (Art. 6(1)(h))","Pre-Contract Information (Art. 6(1)(h))"
"Enable Pre-Contract Disclosure","Enable Pre-Contract Disclosure"
"Master kill-switch. Disabled = block does not render and no display events are recorded. Disabling exposes the merchant to Art. 10 (12 month + 14 day extended withdrawal period). Default: enabled.","Master kill-switch. Disabled = block does not render and no display events are recorded. Disabling exposes the merchant to Art. 10 (12 month + 14 day extended withdrawal period). Default: enabled."
"Withdrawal Period (Days)","Withdrawal Period (Days)"
"Default 14 days per Art. 9(2). Extension allowed (e.g. 30, 100). Reduction below 14 is illegal — the field validates >=14 only when the module is enabled.","Default 14 days per Art. 9(2). Extension allowed (e.g. 30, 100). Reduction below 14 is illegal — the field validates >=14 only when the module is enabled."
"Return Address","Return Address"
"Where consumers send goods back. Leave empty to fall back to the store address from Stores → Configuration → General → General → Store Information.","Where consumers send goods back. Leave empty to fall back to the store address from Stores → Configuration → General → General → Store Information."
"Display In Checkout","Display In Checkout"
"Annex I Overrides Per Locale","Annex I Overrides Per Locale"
"Bulgarian (bg_BG)","Bulgarian (bg_BG)"
"Czech (cs_CZ)","Czech (cs_CZ)"
"Greek (el_GR)","Greek (el_GR)"
"Estonian (et_EE)","Estonian (et_EE)"
"Croatian (hr_HR)","Croatian (hr_HR)"
"Hungarian (hu_HU)","Hungarian (hu_HU)"
"Lithuanian (lt_LT)","Lithuanian (lt_LT)"
"Latvian (lv_LV)","Latvian (lv_LV)"
"Romanian (ro_RO)","Romanian (ro_RO)"
"Slovak (sk_SK)","Slovak (sk_SK)"
"Slovenian (sl_SI)","Slovenian (sl_SI)"
"Frontend","Frontend"
"Buttons","Buttons"
"Step 1 Button Label","Step 1 Button Label"
"<strong>⚠ Legal warning.</strong> Art. 11a(2) CRD requires the literal text ""withdraw from contract here"" <em>or a corresponding unambiguous formulation</em>. The default value (""Withdraw from contract here"") is the Directive's verbatim phrase. Per-locale translations are counsel-signed. <strong>Do not override unless you have received written advice from qualified consumer-law counsel in the target jurisdiction.</strong> Every override is recorded in the audit log.","<strong>⚠ Legal warning.</strong> Art. 11a(2) CRD requires the literal text ""withdraw from contract here"" <em>or a corresponding unambiguous formulation</em>. The default value (""Withdraw from contract here"") is the Directive's verbatim phrase. Per-locale translations are counsel-signed. <strong>Do not override unless you have received written advice from qualified consumer-law counsel in the target jurisdiction.</strong> Every override is recorded in the audit log."
"Step 2 Button Label (Confirmation)","Step 2 Button Label (Confirmation)"
"<strong>⚠ Legal warning.</strong> This is the label on the final confirmation button. Default (""Confirm withdrawal"") is counsel-signed. Per-locale translations are counsel-signed. Override only with written legal advice; overrides are audit-logged.","<strong>⚠ Legal warning.</strong> This is the label on the final confirmation button. Default (""Confirm withdrawal"") is counsel-signed. Per-locale translations are counsel-signed. Override only with written legal advice; overrides are audit-logged."
"Placements","Placements"
"Show Footer Link","Show Footer Link"
"Show in My Account","Show in My Account"
"Return Reasons","Return Reasons"
"Reasons","Reasons"
"List of reasons offered to the customer in the per-item dropdown. <strong>Code</strong> is the machine value (lowercase, snake_case, max 32 chars); <strong>Label</strong> is the visible text. Empty grid hides the dropdown entirely.","List of reasons offered to the customer in the per-item dropdown. <strong>Code</strong> (lowercase, snake_case, max 32 chars); <strong>Label</strong> is the visible text. Empty grid hides the dropdown entirely."
"Enable ""Other"" with Free Text","Enable ""Other"" with Free Text"
"When enabled, an ""Other"" option appears in the dropdown that reveals a free-text field (max 500 chars).","When enabled, an ""Other"" option appears in the dropdown that reveals a free-text field (max 500 chars)."
"Review Step","Review Step"
"Return Shipping Notice","Return Shipping Notice"
"Text shown on the Review & Confirm step (step 3). Example: ""You'll receive a prepaid shipping label in the confirmation email."" or ""Return shipping costs are paid by the customer."" Leave blank to hide the row.","Text shown on the Review & Confirm step (step 3). Example: ""You'll receive a prepaid shipping label in the confirmation email."" or ""Return shipping costs are paid by the customer."" Leave blank to hide the row."
"Return Policy URL","Return Policy URL"
"Optional link rendered next to the shipping notice (""View return policy""). Accepts absolute URLs or relative paths like ""return-policy"".","Optional link rendered next to the shipping notice (""View return policy""). Accepts absolute URLs or relative paths like ""return-policy""."
"Customer Notifications","Customer Notifications"
"All customer-facing emails sent by the module. Each email can be enabled/disabled, assigned a custom template (Marketing → Email Templates), and BCC'd to a merchant address. The shared <em>Branding</em> subgroup at the bottom controls the layout (USP strip, social links) used by every email below.","All customer-facing emails sent by the module. Each email can be enabled/disabled, assigned a custom template (Marketing → Email Templates), and BCC'd to a merchant address. The shared <em>Branding</em> subgroup at the bottom controls the layout (USP strip, social links) used by every email below."
"1. Submission Confirmation Email","1. Submission Confirmation Email"
"Enabled","Enabled"
"Email Template","Email Template"
"BCC Merchant","BCC Merchant"
"Comma-separated. Leave blank to disable.","Comma-separated. Leave blank to disable."
"2. Approval Email","2. Approval Email"
"3. Denial Email","3. Denial Email"
"4. Cancellation Email (Admin-Initiated)","4. Cancellation Email (Admin-Initiated)"
"5. Cancellation Email (Customer Self-Cancel)","5. Cancellation Email (Customer Self-Cancel)"
"6. Receipt Email (Durable Medium — Art. 11a(4))","6. Receipt Email (Durable Medium — Art. 11a(4))"
"Legally required durable-medium confirmation. Cannot be fully disabled (Art. 11a(4) Directive 2011/83/EU). Disabling here only stops the sender — the receipt is still generated and stored.","Legally required durable-medium confirmation. Cannot be fully disabled (Art. 11a(4) Directive 2011/83/EU). Disabling here only stops the sender — the receipt is still generated and stored."
"Send Email","Send Email"
"Comma-separated.","Comma-separated."
"Delivery Retry Attempts","Delivery Retry Attempts"
"Number of delivery attempts before a receipt is flagged as undelivered.","Number of delivery attempts before a receipt is flagged as undelivered."
"DLQ Alert Recipient","DLQ Alert Recipient"
"Notified when a receipt fails permanently. Falls back to Store Email Addresses → General Contact.","Notified when a receipt fails permanently. Falls back to Store Email Addresses → General Contact."
"7. Digital Waiver Confirmation Email (Art. 11a(4))","7. Digital Waiver Confirmation Email (Art. 11a(4))"
"Durable-medium copy of the customer's Art. 16(m) waiver, sent immediately after checkout when a digital item is in cart. Required by Art. 11a(4) Directive 2011/83/EU — keeps a tamper-evident record of the legal text the customer accepted.","Durable-medium copy of the customer's Art. 16(m) waiver, sent immediately after checkout when a digital item is in cart. Required by Art. 11a(4) Directive 2011/83/EU — keeps a tamper-evident record of the legal text the customer accepted."
"Comma-separated. Receives a copy of every confirmation for audit purposes.","Comma-separated. Receives a copy of every confirmation for audit purposes."
"Branding (Shared by All Emails Above)","Branding (Shared by All Emails Above)"
"Optional decoration of the customer-facing emails. Empty fields hide their respective rows. Brand wordmark, logo, support email, and store address are read from the standard Magento configuration tree (Stores → Configuration → General + Design → Transactional Emails).","Optional decoration of the customer-facing emails. Empty fields hide their respective rows. Brand wordmark, logo, support email, and store address are read from the standard Magento configuration tree (Stores → Configuration → General + Design → Transactional Emails)."
"USP Strip — Item 1","USP Strip — Item 1"
"Icon","Icon"
"Title","Title"
"Subtitle","Subtitle"
"USP Strip — Item 2","USP Strip — Item 2"
"USP Strip — Item 3","USP Strip — Item 3"
"Social Links","Social Links"
"Instagram URL","Instagram URL"
"X / Twitter URL","X / Twitter URL"
"Facebook URL","Facebook URL"
"YouTube URL","YouTube URL"
"Privacy & Retention","Privacy & Retention"
"Two-stage GDPR data lifecycle for the <code>mm_eu_withdrawal_request</code> table. Withdrawal requests carry both <em>personally identifiable</em> data (customer name, email, IP, user agent, admin notes, denial reasons) and a content hash that is the Art. 11a(4) <em>durable-medium</em> legal proof. The two have different mandatory retention periods, so we store them on the same row and age them out separately.","Two-stage GDPR data lifecycle for the <code>mm_eu_withdrawal_request</code> table. Withdrawal requests carry both <em>personally identifiable</em> data (customer name, email, IP, user agent, admin notes, denial reasons) and a content hash that is the Art. 11a(4) <em>durable-medium</em> legal proof. The two have different mandatory retention periods, so we store them on the same row and age them out separately."
"PII Retention (days)","PII Retention (days)"
"How long the <strong>personally identifiable columns</strong> stay on a row before the daily cron <strong>nullifies</strong> them: <code>customer_name</code>, <code>customer_email</code>, <code>customer_ip</code>, <code>user_agent</code>, <code>denial_reason</code>, <code>admin_note</code>. The row itself stays — only PII is wiped. Counted from the row's <code>created_at</code>.<br/><br/>
                        <strong>Default: 730 days (2 years).</strong> This is the floor — GDPR Art. 5(1)(e) (""storage limitation"") balanced against the statute of limitations for consumer-rights claims in most EU member states (1–2 years). Range: 730–3650 days.","How long the <strong>personally identifiable columns</strong> stay on a row before the daily cron <strong>nullifies</strong> them: <code>customer_name</code>, <code>customer_email</code>, <code>customer_ip</code>, <code>user_agent</code>, <code>denial_reason</code>, <code>admin_note</code>. The row itself stays — only PII is wiped. Counted from the row's <code>created_at</code>.<br/><br/>
                        <strong>Default: 730 days (2 years).</strong> This is the floor — GDPR Art. 5(1)(e) (""storage limitation"") balanced against the statute of limitations for consumer-rights claims in most EU member states (1–2 years). Range: 730–3650 days."
"Hash Retention (days)","Hash Retention (days)"
"How long the <strong>content hash</strong> (Art. 11a(4) durable-medium proof) stays. After PII has been wiped above, the row keeps only the SHA-256 hash + receipt timestamps until this period expires; then the cron <strong>deletes the whole row</strong>.<br/><br/>
                        <strong>Default: 2190 days (6 years).</strong> Matches the longest commercial-records retention obligation in EU member states (typically 6 years for accounting / VAT). Must be ≥ PII Retention. Range: 2190–3650 days.","How long the <strong>content hash</strong> (Art. 11a(4) durable-medium proof) stays. After PII has been wiped above, the row keeps only the SHA-256 hash + receipt timestamps until this period expires; then the cron <strong>deletes the whole row</strong>.<br/><br/>
                        <strong>Default: 2190 days (6 years).</strong> Matches the longest commercial-records retention obligation in EU member states (typically 6 years for accounting / VAT). Must be ≥ PII Retention. Range: 2190–3650 days."
"Append-only audit log of all withdrawal lifecycle events (GDPR Art. 5(2) accountability).
                    Personal data (IP, user agent, customer actor ID) is automatically nullified after the retention period.
                    The audit rows themselves are never deleted — only anonymised.","Append-only audit log of all withdrawal lifecycle events (GDPR Art. 5(2) accountability).
                    Personal data (IP, user agent, customer actor ID) is automatically nullified after the retention period.
                    The audit rows themselves are never deleted — only anonymised."
"Contract","Contract"
"Submitter","Submitter"
"Withdrawal submitted","Withdrawal submitted"
"Conditions, Time Limit and Procedures for Withdrawal","Conditions, Time Limit and Procedures for Withdrawal"
"Withdrawal Information v%1 — Issued %2","Withdrawal Information v%1 — Issued %2"
"Withdrawals","Withdrawals"
"Minimum %1 characters required.","Minimum %1 characters required."
"Failed to add note.","Failed to add note."
"Network error while adding note.","Network error while adding note."
"Exported Evidence","Exported Evidence"
"Pending Confirm","Pending Confirm"
"Sent","Sent"
"Failed Permanent","Failed Permanent"
"Failed Retry","Failed Retry"
"Eligible","Eligible"
"Excluded","Excluded"
"Action","Action"
"From","From"
"To","To"
"Admin Id","Admin Id"
"Order Id","Order Id"
"Request Id","Request Id"
"Item Count","Item Count"
"Rules Fired","Rules Fired"
"Topic","Topic"
"Message Id","Message Id"
"Email To Hash","Email To Hash"
"Attempts","Attempts"
"Viewed At","Viewed At"
"Referrer Host","Referrer Host"
"Enable \Other\"" with Free Text""","Enable \Other\"" with Free Text"""
"Optional legal template — not required to use; you can also exercise the right of withdrawal by any unequivocal statement.","Optional legal template — not required to use; you can also exercise the right of withdrawal by any unequivocal statement."
"Right of withdrawal","Right of withdrawal"
"You have 14 days from the day you receive your order to withdraw without giving any reason — full refund to your original payment method.","You have 14 days from the day you receive your order to withdraw without giving any reason — full refund to your original payment method."
"Some items may be excluded by law (perishable goods, custom-made items, sealed hygiene or audio/video products). We'll show you exactly what's eligible on the next page.","Some items may be excluded by law (perishable goods, custom-made items, sealed hygiene or audio/video products). We'll show you exactly what's eligible on the next page."
"Direct link — no login or account password required.","Direct link — no login or account password required."
"Art. 16(m) CRD exclusion — digital content where the customer has (1) given express prior consent to begin performance and (2) acknowledged that they lose the withdrawal right. Two switches: the <em>Detection</em> subgroup decides what counts as digital (master switch), the <em>Checkout step + Email</em> subgroup renders the 2-checkbox waiver UX and dispatches the confirmation email. Both must be ON for the feature to work end-to-end. Use this only for <strong>one-time digital purchases</strong> (ebooks, software installers, music files, games). Do <strong>not</strong> enable it for ongoing digital <strong>subscriptions or services</strong> (SaaS, streaming, hosted software) — EU case law (CJEU Sky, C-641/19) requires a different consent flow for those.","Art. 16(m) CRD exclusion — digital content where the customer has (1) given express prior consent to begin performance and (2) acknowledged that they lose the withdrawal right. Two switches: the <em>Detection</em> subgroup decides what counts as digital (master switch), the <em>Checkout step + Email</em> subgroup renders the 2-checkbox waiver UX and dispatches the confirmation email. Both must be ON for the feature to work end-to-end. Use this only for <strong>one-time digital purchases</strong> (ebooks, software installers, music files, games). Do <strong>not</strong> enable it for ongoing digital <strong>subscriptions or services</strong> (SaaS, streaming, hosted software) — EU case law (CJEU Sky, C-641/19) requires a different consent flow for those."
"Customer-facing UX for the withdrawal flow. Subgroups: <em>Buttons</em> (legal-critical labels), <em>Placements</em> (where to surface the link), <em>Return Reasons</em> (per-item dropdown), <em>Review Step</em> (content on step 3 of the flow).","Customer-facing UX for the withdrawal flow. Subgroups: <em>Buttons</em> (legal-critical labels), <em>Placements</em> (where to surface the link), <em>Return Reasons</em> (per-item dropdown), <em>Review Step</em> (content on step 3 of the flow)."
"Disable only if you deliver the durable-medium confirmation through a different channel.","Disable only if you deliver the durable-medium confirmation through a different channel."
"Disable only if you deliver the receipt through a different durable medium (postal mail, customer account download, etc.).","Disable only if you deliver the receipt through a different durable medium (postal mail, customer account download, etc.)."
"Empty fields fall through to the locale baseline. Any override value becomes part of the SHA-256 hash stored per consent event — changing a field after customers have consented does <strong>not</strong> retroactively invalidate prior consents.","Empty fields fall through to the locale baseline. Any override value becomes part of the SHA-256 hash stored per consent event — changing a field after customers have consented does <strong>not</strong> retroactively invalidate prior consents."
"Mandatory pre-contractual disclosure of the right of withdrawal. Displayed on the checkout payment step. Each display is logged forensically (Art. 10 defence). Snapshot of the rendered text is stored immutably (Art. 6(5)). <strong>Counsel review recommended before customising any Annex I text.</strong>","Mandatory pre-contractual disclosure of the right of withdrawal. Displayed on the checkout payment step. Each display is logged forensically (Art. 10 defence). Snapshot of the rendered text is stored immutably (Art. 6(5)). <strong>Counsel review recommended before customising any Annex I text.</strong>"
"Off = block hidden but display events still recorded server-side via predispatch fallback. Use only for sandbox testing. Default: on.","Off = block hidden but display events still recorded server-side via predispatch fallback. Use only for sandbox testing. Default: on."
"Optional URLs rendered as round monogram badges in the email footer. Leave blank to hide.","Optional URLs rendered as round monogram badges in the email footer. Leave blank to hide."
"Sent when a customer cancels their own pending withdrawal.","Sent when a customer cancels their own pending withdrawal."
"Sent when a customer completes the withdrawal form.","Sent when a customer completes the withdrawal form."
"Sent when an admin approves a withdrawal request.","Sent when an admin approves a withdrawal request."
"Sent when an admin cancels a withdrawal request on the customer's behalf.","Sent when an admin cancels a withdrawal request on the customer's behalf."
"Sent when an admin denies a withdrawal request.","Sent when an admin denies a withdrawal request."
"These presets exclude specific product categories from the 14-day withdrawal right, per Art. 16 CRD. Each rule is OFF by default — enable only after confirming the corresponding product attribute is set correctly on your catalog.","These presets exclude specific product categories from the 14-day withdrawal right, per Art. 16 CRD. Each rule is OFF by default — enable only after confirming the corresponding product attribute is set correctly on your catalog."
"e.g. ""EU orders above €50""","e.g. ""EU orders above €50"""
"e.g. ""Free delivery""","e.g. ""Free delivery"""
"Admin Notifications","Admin Notifications"
"Internal alerts to your team. Independent of the per-email <em>BCC Merchant</em> checkboxes under <em>Customer Notifications</em> below — if you enable both, you will receive two emails per request.","Internal alerts to your team. Independent of the per-email <em>BCC Merchant</em> checkboxes under <em>Customer Notifications</em> below — if you enable both, you will receive two emails per request."
"1. New Request Alert","1. New Request Alert"
"Sent the moment a customer completes the two-step withdrawal flow.","Sent the moment a customer completes the two-step withdrawal flow."
"Recipient Email(s)","Recipient Email(s)"
"BCC","BCC"
"New Withdrawal Request","New Withdrawal Request"
"A new withdrawal request was just submitted.","A new withdrawal request was just submitted."
"Request:","Request:"
"Order:","Order:"
"Customer:","Customer:"
"Refund Total:","Refund Total:"
"[Withdrawal] New request %request_increment_id · Order #%order_increment_id · %refund_total","[Withdrawal] New request %request_increment_id · Order #%order_increment_id · %refund_total"
"Anonymised","Anonymised"
"Audit","Audit"
"Cancel Order","Cancel Order"
"Confirmation Email (Art. 11a(4))","Confirmation Email (Art. 11a(4))"
"Detection (Art. 16(m))","Detection (Art. 16(m))"
"Digital Waiver (Art. 16(m))","Digital Waiver (Art. 16(m))"
"Email Identity","Email Identity"
"ID","ID"
"Integrity hash","Integrity hash"
"Pre-Contract Proof","Pre-Contract Proof"
"Verify this receipt","Verify this receipt"
"Withdrawal Window","Withdrawal Window"
"I expressly consent to begin performance of the digital content before the withdrawal period expires.","I expressly consent to begin performance of the digital content before the withdrawal period expires."
"I acknowledge that by giving this consent I lose my right of withdrawal once performance has begun (Art. 16(m) CRD).","I acknowledge that by giving this consent I lose my right of withdrawal once performance has begun (Art. 16(m) CRD)."
"This SHA-256 hash uniquely identifies your withdrawal record. Verify it at any time using the button above.","This SHA-256 hash uniquely identifies your withdrawal record. Verify it at any time using the button above."
"Digital content waiver confirmation — Order %increment_id","Digital content waiver confirmation — Order %increment_id"
"Comma-separated. Each recipient receives a separate email rendered in their own admin locale (looked up via the admin user's interface_locale; fallback to general/locale/code). Invalid addresses dropped silently.","Comma-separated. Each recipient receives a separate email rendered in their own admin locale (looked up via the admin user's interface_locale; fallback to general/locale/code). Invalid addresses dropped silently."
"Art. 16(m) CRD digital-content detection. Determines what counts as digital content for eligibility purposes. The actual checkout-step waiver UI and email lives in the next section ""Digital Waiver"".","Art. 16(m) CRD digital-content detection. Determines what counts as digital content for eligibility purposes. The actual checkout-step waiver UI and email lives in the next section ""Digital Waiver""."
"Art. 16(m) CRD exclusion — digital content where the customer has (1) given express prior consent to begin performance and (2) acknowledged that they lose the withdrawal right. Two switches control this feature end-to-end: the <em>Detection</em> subgroup under <em>Eligibility Rules</em> decides what counts as digital (master switch); this section renders the 2-checkbox waiver UX at checkout and dispatches the Art. 11a(4) confirmation email. Both must be ON for the feature to work end-to-end. Per-locale text overrides below. Use this only for <strong>one-time digital purchases</strong> (ebooks, software installers, music files, games). Do <strong>not</strong> enable it for ongoing digital <strong>subscriptions or services</strong> (SaaS, streaming, hosted software) — EU case law (CJEU Sky, C-641/19) requires a different consent flow for those.","Art. 16(m) CRD exclusion — digital content where the customer has (1) given express prior consent to begin performance and (2) acknowledged that they lose the withdrawal right. Two switches control this feature end-to-end: the <em>Detection</em> subgroup under <em>Eligibility Rules</em> decides what counts as digital (master switch); this section renders the 2-checkbox waiver UX at checkout and dispatches the Art. 11a(4) confirmation email. Both must be ON for the feature to work end-to-end. Per-locale text overrides below. Use this only for <strong>one-time digital purchases</strong> (ebooks, software installers, music files, games). Do <strong>not</strong> enable it for ongoing digital <strong>subscriptions or services</strong> (SaaS, streaming, hosted software) — EU case law (CJEU Sky, C-641/19) requires a different consent flow for those."
"Defines <strong>when</strong> the 14-day withdrawal right starts running (the delivery trigger, Art. 9(2)(b)) and <strong>how long</strong> it lasts in days (Art. 9(2)). Together these control the period each order's withdrawal is open.","Defines <strong>when</strong> the 14-day withdrawal right starts running (the delivery trigger, Art. 9(2)(b)) and <strong>how long</strong> it lasts in days (Art. 9(2)). Together these control the period each order's withdrawal is open."
"Default 14 days per Art. 9(2). Extension allowed (e.g. 30, 100). Reduction below 14 is illegal — the field validates 14-3650 only.","Default 14 days per Art. 9(2). Extension allowed (e.g. 30, 100). Reduction below 14 is illegal — the field validates 14-3650 only."
"When on, carts that contain a detected digital item render the 2-checkbox waiver step at checkout. Has no effect unless <em>Eligibility Rules → Detection → Enable Digital Content Detection</em> is also on.","When on, carts that contain a detected digital item render the 2-checkbox waiver step at checkout. Has no effect unless <em>Eligibility Rules → Detection → Enable Digital Content Detection</em> is also on."
"Optional. Comma-separated. Blind-copies the waiver-confirmation email to a merchant audit address. Leave blank to skip.","Optional. Comma-separated. Blind-copies the waiver-confirmation email to a merchant audit address. Leave blank to skip."
"<strong>⚠ Legal warning.</strong> Art. 11a(2) CRD requires the literal text ""withdraw from contract here"" <em>or a corresponding unambiguous formulation</em>. The default value (""Withdraw from contract here"") is the Directive's verbatim phrase; Per-locale translations are counsel-signed. <strong>Do not override unless you have received written advice from qualified consumer-law counsel in the target jurisdiction.</strong> Every override is recorded in the audit log.","<strong>⚠ Legal warning.</strong> Art. 11a(2) CRD requires the literal text ""withdraw from contract here"" <em>or a corresponding unambiguous formulation</em>. The default value (""Withdraw from contract here"") is the Directive's verbatim phrase; Per-locale translations are counsel-signed. <strong>Do not override unless you have received written advice from qualified consumer-law counsel in the target jurisdiction.</strong> Every override is recorded in the audit log."
"<strong>⚠ Legal warning.</strong> This is the label on the final confirmation button. Default (""Confirm withdrawal"") is counsel-signed; Per-locale translations are counsel-signed. Override only with written legal advice; overrides are audit-logged.","<strong>⚠ Legal warning.</strong> This is the label on the final confirmation button. Default (""Confirm withdrawal"") is counsel-signed; Per-locale translations are counsel-signed. Override only with written legal advice; overrides are audit-logged."
"Cancel the linked order? No payment has been captured, so there is nothing to refund — the order will be cancelled in Magento.","Cancel the linked order? No payment has been captured, so there is nothing to refund — the order will be cancelled in Magento."
"Two-stage GDPR data lifecycle. Withdrawal requests carry both <em>personally identifiable</em> data (customer name, email, IP, user agent, admin notes, denial reasons) and a content hash that is the Art. 11a(4) <em>durable-medium</em> legal proof. The two have different mandatory retention periods and are aged out separately.","Two-stage GDPR data lifecycle. Withdrawal requests carry both <em>personally identifiable</em> data (customer name, email, IP, user agent, admin notes, denial reasons) and a content hash that is the Art. 11a(4) <em>durable-medium</em> legal proof. The two have different mandatory retention periods and are aged out separately."
"How long the <strong>personally identifiable fields</strong> (customer name, email, IP, user agent, denial reason, admin note) are kept before they are nullified by the daily privacy cron. The withdrawal record itself stays — only PII is wiped. Counted from the record's creation date.<br/><br/>
                        <strong>Default: 730 days (2 years).</strong> This is the floor — GDPR Art. 5(1)(e) (""storage limitation"") balanced against the statute of limitations for consumer-rights claims in most EU member states (1–2 years). Range: 730–3650 days.","How long the <strong>personally identifiable fields</strong> (customer name, email, IP, user agent, denial reason, admin note) are kept before they are nullified by the daily privacy cron. The withdrawal record itself stays — only PII is wiped. Counted from the record's creation date.<br/><br/>
                        <strong>Default: 730 days (2 years).</strong> This is the floor — GDPR Art. 5(1)(e) (""storage limitation"") balanced against the statute of limitations for consumer-rights claims in most EU member states (1–2 years). Range: 730–3650 days."
"How long the <strong>content hash</strong> (Art. 11a(4) durable-medium proof) is retained. After PII has been wiped, the record keeps only the hash and receipt timestamps until this period expires; then the record is deleted entirely.<br/><br/>
                        <strong>Default: 2190 days (6 years).</strong> Matches the longest commercial-records retention obligation in EU member states (typically 6 years for accounting / VAT). Must be ≥ PII Retention. Range: 2190–3650 days.","How long the <strong>content hash</strong> (Art. 11a(4) durable-medium proof) is retained. After PII has been wiped, the record keeps only the hash and receipt timestamps until this period expires; then the record is deleted entirely.<br/><br/>
                        <strong>Default: 2190 days (6 years).</strong> Matches the longest commercial-records retention obligation in EU member states (typically 6 years for accounting / VAT). Must be ≥ PII Retention. Range: 2190–3650 days."
"Append-only audit log of all withdrawal lifecycle events (GDPR Art. 5(2) accountability). Personal data (IP, user agent, customer actor ID) is automatically nullified after the retention period. The audit log itself stays — only PII is wiped.","Append-only audit log of all withdrawal lifecycle events (GDPR Art. 5(2) accountability). Personal data (IP, user agent, customer actor ID) is automatically nullified after the retention period. The audit log itself stays — only PII is wiped."
"Show more orders","Show more orders"
